CREATE DATABASE AcademyHomeWork4;
USE AcademyHomeWork4;


CREATE TABLE Curators
(
	Id INT NOT NULL AUTO_INCREMENT PRIMARY KEY,
	CurName varchar(100) NOT NULL CHECK (CurName <> N''),
	CurSecondName varchar(100) NOT NULL CHECK (CurSecondName <> N'')
);
INSERT INTO Curators VALUES
(1, "Алексей", "Боровков"),
(2, "Павел", "Жилин"),
(3, "Антон", "Кривцов"),
(4, "Михаил", "Векслер"),
(5, "Виктор", "Павлов"),
(6, "Галина", "Шестакова"),
(7, "Кристина", "Градская"),
(8, "Николай", "Дробышев"),
(9, "Сергей", "Лукьяненко");
SELECT * FROM Curators;


CREATE TABLE Departments
(
	Id INT NOT NULL AUTO_INCREMENT PRIMARY KEY,
	Building int NOT NULL CHECK (Building BETWEEN 1 AND 3),
	Financing int NOT NULL CHECK (Financing >= 0) DEFAULT 0,
	DepName varchar(100) NOT NULL UNIQUE CHECK (DepName <> N''),
	FacultyId int NOT NULL
);
INSERT INTO Departments VALUES 
(1, 1, 24000, "Динамика и Прочность Машин", 1),
(2, 1, 17000, "Прикладная Механика", 1),
(3, 2, 22000, "Микроэлектроника", 2),
(4, 2, 19000, "Электроника и Автоматика", 2),
(5, 3, 15000, "Финансы и Кредит", 3),
(6, 3, 21000, "Бухгалтерский Учет и Аудит", 3);
SELECT * FROM Departments;


CREATE TABLE Faculties
(
	Id INT NOT NULL AUTO_INCREMENT PRIMARY KEY,
	FacName varchar(100) NOT NULL UNIQUE CHECK (FacName <> N'')
);
INSERT INTO Faculties VALUES
(1, "Физико-Механический"),
(2, "Радио-Физический"),
(3, "Экономики и Менеджмента");
SELECT * FROM Faculties;


CREATE TABLE StudGroups
(
	Id INT NOT NULL AUTO_INCREMENT PRIMARY KEY,
	GroupName varchar(100) NOT NULL UNIQUE CHECK (GroupName <> N''),
	Course int NOT NULL CHECK (Course BETWEEN 1 AND 5),
	DepartmentId int NOT NULL
);
INSERT INTO StudGroups VALUES
(1, "ДиПроМаш/1/1", 1, 1),
(2, "ДиПроМаш/1/2", 1, 1),
(3, "ДиПроМаш/2/1", 2, 1),
(4, "ДиПроМаш/2/2", 2, 1),
(5, "ДиПроМаш/3/1", 3, 1),
(6, "ДиПроМаш/3/2", 3, 1),
(7, "ДиПроМаш/4/1", 4, 1),
(8, "ДиПроМаш/4/2", 4, 1),
(9, "ДиПроМаш/5/1", 5, 1),
(10, "ДиПроМаш/5/2", 5, 1),
(11, "ПриМех/1/1", 1, 2),
(12, "ПриМех/1/2", 1, 2),
(13, "ПриМех/2/1", 2, 2),
(14, "ПриМех/2/2", 2, 2),
(15, "ПриМех/3/1", 3, 2),
(16, "ПриМех/3/2", 3, 2),
(17, "ПриМех/4/1", 4, 2),
(18, "ПриМех/4/2", 4, 2),
(19, "ПриМех/5/1", 5, 2),
(20, "ПриМех/5/2", 5, 2),
(21, "МикроЭл/1/1", 1, 3),
(22, "МикроЭл/1/2", 1, 3),
(23, "МикроЭл/2/1", 2, 3),
(24, "МикроЭл/2/2", 2, 3),
(25, "МикроЭл/3/1", 3, 3),
(26, "МикроЭл/3/2", 3, 3),
(27, "МикроЭл/4/1", 4, 3),
(28, "МикроЭл/4/2", 4, 3),
(29, "МикроЭл/5/1", 5, 3),
(30, "МикроЭл/5/2", 5, 3),
(31, "РадЭл/1/1", 1, 4),
(32, "РадЭл/1/2", 1, 4),
(33, "РадЭл/2/1", 2, 4),
(34, "РадЭл/2/2", 2, 4),
(35, "РадЭл/3/1", 3, 4),
(36, "РадЭл/3/2", 3, 4),
(37, "РадЭл/4/1", 4, 4),
(38, "РадЭл/4/2", 4, 4),
(39, "РадЭл/5/1", 5, 4),
(40, "РадЭл/5/2", 5, 4),
(41, "ФинКред/1/1", 1, 5),
(42, "ФинКред/1/2", 1, 5),
(43, "ФинКред/2/1", 2, 5),
(44, "ФинКред/2/2", 2, 5),
(45, "ФинКред/3/1", 3, 5),
(46, "ФинКред/3/2", 3, 5),
(47, "ФинКред/4/1", 4, 5),
(48, "ФинКред/4/2", 4, 5),
(49, "ФинКред/5/1", 5, 5),
(50, "ФинКред/5/2", 5, 5),
(51, "БухУчетАудит/1/1", 1, 6),
(52, "БухУчетАудит/1/2", 1, 6),
(53, "БухУчетАудит/2/1", 2, 6),
(54, "БухУчетАудит/2/2", 2, 6),
(55, "БухУчетАудит/3/1", 3, 6),
(56, "БухУчетАудит/3/2", 3, 6),
(57, "БухУчетАудит/4/1", 4, 6),
(58, "БухУчетАудит/4/2", 4, 6),
(59, "БухУчетАудит/5/1", 5, 6),
(60, "БухУчетАудит/5/2", 5, 6);
SELECT * FROM StudGroups;


CREATE TABLE GroupsCurators
(
	Id INT NOT NULL AUTO_INCREMENT PRIMARY KEY,
	CuratorId int NOT NULL,
	GroupId int NOT NULL
);
INSERT INTO GroupsCurators VALUES 
(1, 3, 1),
(2, 1, 1),
(3, 1, 2),
(4, 2, 3),
(5, 1, 3),
(6, 2, 4),
(7, 3, 4),
(8, 3, 5),
(9, 2, 6),
(10, 2, 7),
(11, 3, 8),
(12, 1, 8),
(13, 2, 9),
(14, 2, 10),
(15, 1, 11),
(16, 1, 12),
(17, 3, 13),
(18, 3, 14),
(19, 1, 14),
(20, 3, 15),
(21, 1, 16),
(22, 2, 16),
(23, 3, 17),
(24, 1, 17),
(25, 2, 18),
(26, 2, 19),
(27, 2, 20),
(28, 4, 21),
(29, 5, 22),
(30, 6, 22),
(31, 4, 23),
(32, 6, 24),
(33, 4, 25),
(34, 6, 25),
(35, 4, 26),
(36, 4, 27),
(37, 4, 28),
(38, 5, 29),
(39, 5, 30),
(40, 6, 30),
(41, 6, 31),
(42, 5, 32),
(43, 5, 33),
(44, 6, 33),
(45, 6, 34),
(46, 6, 35),
(47, 6, 36),
(48, 6, 37),
(49, 5, 38),
(50, 6, 38),
(51, 5, 39),
(52, 6, 39),
(53, 6, 40),
(54, 7, 41),
(55, 8, 41),
(56, 7, 42),
(57, 9, 42),
(58, 8, 43),
(59, 9, 43),
(60, 8, 44),
(61, 9, 44),
(62, 9, 45),
(63, 7, 45),
(64, 8, 46),
(65, 7, 47),
(66, 7, 48),
(67, 8, 49),
(68, 7, 50),
(69, 9, 51),
(70, 9, 52),
(71, 7, 53),
(72, 9, 54),
(73, 8, 54),
(74, 9, 55),
(75, 9, 56),
(76, 8, 57),
(77, 7, 58),
(78, 8, 59),
(79, 8, 60);
SELECT * FROM GroupsCurators;


CREATE TABLE GroupsLectures
(
	Id INT NOT NULL AUTO_INCREMENT PRIMARY KEY,
	GroupId int NOT NULL,
	LectureId int NOT NULL
);
INSERT INTO GroupsLectures VALUES 
(1, 1, 1),
(2, 1, 2),
(3, 1, 3),
(4, 1, 4),
(5, 2, 5),
(6, 2, 6),
(7, 2, 7),
(8, 2, 8),
(9, 2, 9),
(10, 3, 10),
(11, 3, 11),
(12, 3, 12),
(13, 3, 13),
(14, 3, 14),
(15, 3, 15),
(16, 4, 16),
(17, 4, 17),
(18, 4, 18),
(19, 4, 19),
(20, 4, 20),
(21, 4, 21),
(22, 5, 22),
(23, 5, 23),
(24, 5, 24),
(25, 5, 25),
(26, 5, 26),
(27, 6, 27),
(28, 6, 28),
(29, 6, 29),
(30, 6, 30),
(31, 7, 31),
(32, 7, 32),
(33, 7, 33),
(34, 7, 34),
(35, 7, 35),
(36, 7, 36),
(37, 8, 37),
(38, 8, 38),
(39, 8, 39),
(40, 8, 40),
(41, 8, 41),
(42, 9, 42),
(43, 9, 43),
(44, 9, 44),
(45, 9, 45),
(46, 10, 46),
(47, 10, 47),
(48, 10, 48),
(49, 10, 49),
(50, 11, 50),
(51, 11, 51),
(52, 11, 52),
(53, 11, 53),
(54, 12, 54),
(55, 12, 55),
(56, 12, 56),
(57, 12, 57),
(58, 12, 58),
(59, 13, 59),
(60, 13, 60),
(61, 13, 61),
(62, 13, 62),
(63, 13, 63),
(64, 14, 64),
(65, 14, 65),
(66, 14, 66),
(67, 14, 67),
(68, 14, 68),
(69, 14, 69),
(70, 15, 70),
(71, 15, 71),
(72, 15, 72),
(73, 15, 73),
(74, 15, 74),
(75, 16, 75),
(76, 16, 76),
(77, 16, 77),
(78, 16, 78),
(79, 16, 79),
(80, 17, 80),
(81, 17, 81),
(82, 17, 82),
(83, 17, 83),
(84, 18, 84),
(85, 18, 85),
(86, 18, 86),
(87, 18, 87),
(88, 19, 88),
(89, 19, 89),
(90, 19, 90),
(91, 19, 91),
(92, 19, 92),
(93, 20, 93),
(94, 20, 94),
(95, 20, 95),
(96, 20, 96),
(97, 20, 97),
(98, 21, 98),
(99, 21, 99),
(100, 21, 100),
(101, 21, 101),
(102, 22, 102),
(103, 22, 103),
(104, 22, 104),
(105, 22, 105),
(106, 22, 106),
(107, 22, 107),
(108, 23, 108),
(109, 23, 109),
(110, 23, 110),
(111, 23, 111),
(112, 24, 112),
(113, 24, 113),
(114, 24, 114),
(115, 24, 115),
(116, 24, 116),
(117, 24, 117),
(118, 25, 118),
(119, 25, 119),
(120, 25, 120),
(121, 25, 121),
(122, 25, 122),
(123, 25, 123),
(124, 26, 124),
(125, 26, 125),
(126, 26, 126),
(127, 26, 127),
(128, 26, 128),
(129, 26, 129),
(130, 27, 130),
(131, 27, 131),
(132, 27, 132),
(133, 27, 133),
(134, 28, 134),
(135, 28, 135),
(136, 28, 136),
(137, 28, 137),
(138, 29, 138),
(139, 29, 139),
(140, 29, 140),
(141, 29, 141),
(142, 29, 142),
(143, 30, 143),
(144, 30, 144),
(145, 30, 145),
(146, 30, 146),
(147, 31, 147),
(148, 31, 148),
(149, 31, 149),
(150, 31, 150),
(151, 32, 151),
(152, 32, 152),
(153, 32, 153),
(154, 32, 154),
(155, 33, 155),
(156, 33, 156),
(157, 33, 157),
(158, 33, 158),
(159, 33, 159),
(160, 33, 160),
(161, 34, 161),
(162, 34, 162),
(163, 34, 163),
(164, 34, 164),
(165, 35, 165),
(166, 35, 166),
(167, 35, 167),
(168, 35, 168),
(169, 35, 169),
(170, 36, 170),
(171, 36, 171),
(172, 36, 172),
(173, 36, 173),
(174, 36, 174),
(175, 37, 175),
(176, 37, 176),
(177, 37, 177),
(178, 37, 178),
(179, 37, 179),
(180, 37, 180),
(181, 38, 181),
(182, 38, 182),
(183, 38, 183),
(184, 38, 184),
(185, 39, 185),
(186, 39, 186),
(187, 39, 187),
(188, 39, 188),
(189, 39, 189),
(190, 40, 190),
(191, 40, 191),
(192, 40, 192),
(193, 40, 193),
(194, 41, 194),
(195, 41, 195),
(196, 41, 196),
(197, 41, 197),
(198, 41, 198),
(199, 42, 199),
(200, 42, 200),
(201, 42, 201),
(202, 42, 202),
(203, 42, 203),
(204, 42, 204),
(205, 43, 205),
(206, 43, 206),
(207, 43, 207),
(208, 43, 208),
(209, 44, 209),
(210, 44, 210),
(211, 44, 211),
(212, 44, 212),
(213, 44, 213),
(214, 44, 214),
(215, 45, 215),
(216, 45, 216),
(217, 45, 217),
(218, 45, 218),
(219, 45, 219),
(220, 46, 220),
(221, 46, 221),
(222, 46, 222),
(223, 46, 223),
(224, 47, 224),
(225, 47, 225),
(226, 47, 226),
(227, 47, 227),
(228, 47, 228),
(229, 47, 229),
(230, 48, 230),
(231, 48, 231),
(232, 48, 232),
(233, 48, 233),
(234, 49, 234),
(235, 49, 235),
(236, 49, 236),
(237, 49, 237),
(238, 50, 238),
(239, 50, 239),
(240, 50, 240),
(241, 50, 241),
(242, 50, 242),
(243, 50, 243),
(244, 51, 244),
(245, 51, 245),
(246, 51, 246),
(247, 51, 247),
(248, 52, 248),
(249, 52, 249),
(250, 52, 250),
(251, 52, 251),
(252, 53, 252),
(253, 53, 253),
(254, 53, 254),
(255, 53, 255),
(256, 53, 256),
(257, 54, 257),
(258, 54, 258),
(259, 54, 259),
(260, 54, 260),
(261, 54, 261),
(262, 55, 262),
(263, 55, 263),
(264, 55, 264),
(265, 55, 265),
(266, 55, 266),
(267, 55, 267),
(268, 56, 268),
(269, 56, 269),
(270, 56, 270),
(271, 56, 271),
(272, 56, 272),
(273, 56, 273),
(274, 57, 274),
(275, 57, 275),
(276, 57, 276),
(277, 57, 277),
(278, 57, 278),
(279, 57, 279),
(280, 58, 280),
(281, 58, 281),
(282, 58, 282),
(283, 58, 283),
(284, 59, 284),
(285, 59, 285),
(286, 59, 286),
(287, 59, 287),
(288, 59, 288),
(289, 59, 289),
(290, 60, 290),
(291, 60, 291),
(292, 60, 292),
(293, 60, 293),
(294, 60, 294),
(295, 60, 295),
(296, 1, 296),
(297, 1, 297),
(298, 1, 298),
(299, 1, 299),
(300, 2, 300),
(301, 2, 301),
(302, 2, 302),
(303, 2, 303),
(304, 3, 304),
(305, 3, 305),
(306, 3, 306),
(307, 3, 307),
(308, 4, 308),
(309, 4, 309),
(310, 4, 310),
(311, 4, 311),
(312, 4, 312),
(313, 5, 313),
(314, 5, 314),
(315, 5, 315),
(316, 5, 316),
(317, 6, 317),
(318, 6, 318),
(319, 6, 319),
(320, 6, 320),
(321, 6, 321),
(322, 7, 322),
(323, 7, 323),
(324, 7, 324),
(325, 7, 325),
(326, 8, 326),
(327, 8, 327),
(328, 8, 328),
(329, 8, 329),
(330, 8, 330),
(331, 8, 331),
(332, 9, 332),
(333, 9, 333),
(334, 9, 334),
(335, 9, 335),
(336, 9, 336),
(337, 10, 337),
(338, 10, 338),
(339, 10, 339),
(340, 10, 340),
(341, 10, 341),
(342, 11, 342),
(343, 11, 343),
(344, 11, 344),
(345, 11, 345),
(346, 11, 346),
(347, 11, 347),
(348, 12, 348),
(349, 12, 349),
(350, 12, 350),
(351, 12, 351),
(352, 12, 352),
(353, 12, 353),
(354, 13, 354),
(355, 13, 355),
(356, 13, 356),
(357, 13, 357),
(358, 13, 358),
(359, 13, 359),
(360, 14, 360),
(361, 14, 361),
(362, 14, 362),
(363, 14, 363),
(364, 14, 364),
(365, 14, 365),
(366, 15, 366),
(367, 15, 367),
(368, 15, 368),
(369, 15, 369),
(370, 15, 370),
(371, 15, 371),
(372, 16, 372),
(373, 16, 373),
(374, 16, 374),
(375, 16, 375),
(376, 17, 376),
(377, 17, 377),
(378, 17, 378),
(379, 17, 379),
(380, 17, 380),
(381, 18, 381),
(382, 18, 382),
(383, 18, 383),
(384, 18, 384),
(385, 18, 385),
(386, 18, 386),
(387, 19, 387),
(388, 19, 388),
(389, 19, 389),
(390, 19, 390),
(391, 19, 391),
(392, 20, 392),
(393, 20, 393),
(394, 20, 394),
(395, 20, 395),
(396, 21, 396),
(397, 21, 397),
(398, 21, 398),
(399, 21, 399),
(400, 21, 400),
(401, 22, 401),
(402, 22, 402),
(403, 22, 403),
(404, 22, 404),
(405, 22, 405),
(406, 23, 406),
(407, 23, 407),
(408, 23, 408),
(409, 23, 409),
(410, 24, 410),
(411, 24, 411),
(412, 24, 412),
(413, 24, 413),
(414, 24, 414),
(415, 24, 415),
(416, 25, 416),
(417, 25, 417),
(418, 25, 418),
(419, 25, 419),
(420, 25, 420),
(421, 26, 421),
(422, 26, 422),
(423, 26, 423),
(424, 26, 424),
(425, 26, 425),
(426, 27, 426),
(427, 27, 427),
(428, 27, 428),
(429, 27, 429),
(430, 28, 430),
(431, 28, 431),
(432, 28, 432),
(433, 28, 433),
(434, 28, 434),
(435, 28, 435),
(436, 29, 436),
(437, 29, 437),
(438, 29, 438),
(439, 29, 439),
(440, 29, 440),
(441, 29, 441),
(442, 30, 442),
(443, 30, 443),
(444, 30, 444),
(445, 30, 445),
(446, 30, 446),
(447, 30, 447),
(448, 31, 448),
(449, 31, 449),
(450, 31, 450),
(451, 31, 451),
(452, 31, 452),
(453, 31, 453),
(454, 32, 454),
(455, 32, 455),
(456, 32, 456),
(457, 32, 457),
(458, 32, 458),
(459, 32, 459),
(460, 33, 460),
(461, 33, 461),
(462, 33, 462),
(463, 33, 463),
(464, 34, 464),
(465, 34, 465),
(466, 34, 466),
(467, 34, 467),
(468, 35, 468),
(469, 35, 469),
(470, 35, 470),
(471, 35, 471),
(472, 35, 472),
(473, 35, 473),
(474, 36, 474),
(475, 36, 475),
(476, 36, 476),
(477, 36, 477),
(478, 36, 478),
(479, 36, 479),
(480, 37, 480),
(481, 37, 481),
(482, 37, 482),
(483, 37, 483),
(484, 38, 484),
(485, 38, 485),
(486, 38, 486),
(487, 38, 487),
(488, 38, 488),
(489, 39, 489),
(490, 39, 490),
(491, 39, 491),
(492, 39, 492),
(493, 39, 493),
(494, 39, 494),
(495, 40, 495),
(496, 40, 496),
(497, 40, 497),
(498, 40, 498),
(499, 41, 499),
(500, 41, 500),
(501, 41, 501),
(502, 41, 502),
(503, 41, 503),
(504, 41, 504),
(505, 42, 505),
(506, 42, 506),
(507, 42, 507),
(508, 42, 508),
(509, 42, 509),
(510, 43, 510),
(511, 43, 511),
(512, 43, 512),
(513, 43, 513),
(514, 43, 514),
(515, 43, 515),
(516, 44, 516),
(517, 44, 517),
(518, 44, 518),
(519, 44, 519),
(520, 45, 520),
(521, 45, 521),
(522, 45, 522),
(523, 45, 523),
(524, 45, 524),
(525, 45, 525),
(526, 46, 526),
(527, 46, 527),
(528, 46, 528),
(529, 46, 529),
(530, 47, 530),
(531, 47, 531),
(532, 47, 532),
(533, 47, 533),
(534, 48, 534),
(535, 48, 535),
(536, 48, 536),
(537, 48, 537),
(538, 48, 538),
(539, 49, 539),
(540, 49, 540),
(541, 49, 541),
(542, 49, 542),
(543, 50, 543),
(544, 50, 544),
(545, 50, 545),
(546, 50, 546),
(547, 50, 547),
(548, 50, 548),
(549, 51, 549),
(550, 51, 550),
(551, 51, 551),
(552, 51, 552),
(553, 51, 553),
(554, 51, 554),
(555, 52, 555),
(556, 52, 556),
(557, 52, 557),
(558, 52, 558),
(559, 52, 559),
(560, 53, 560),
(561, 53, 561),
(562, 53, 562),
(563, 53, 563),
(564, 53, 564),
(565, 54, 565),
(566, 54, 566),
(567, 54, 567),
(568, 54, 568),
(569, 55, 569),
(570, 55, 570),
(571, 55, 571),
(572, 55, 572),
(573, 56, 573),
(574, 56, 574),
(575, 56, 575),
(576, 56, 576),
(577, 57, 577),
(578, 57, 578),
(579, 57, 579),
(580, 57, 580),
(581, 57, 581),
(582, 58, 582),
(583, 58, 583),
(584, 58, 584),
(585, 58, 585),
(586, 58, 586),
(587, 58, 587),
(588, 59, 588),
(589, 59, 589),
(590, 59, 590),
(591, 59, 591),
(592, 60, 592),
(593, 60, 593),
(594, 60, 594),
(595, 60, 595),
(596, 1, 596),
(597, 1, 597),
(598, 1, 598),
(599, 1, 599),
(600, 2, 600),
(601, 2, 601),
(602, 2, 602),
(603, 2, 603),
(604, 2, 604),
(605, 2, 605),
(606, 3, 606),
(607, 3, 607),
(608, 3, 608),
(609, 3, 609),
(610, 3, 610),
(611, 3, 611),
(612, 4, 612),
(613, 4, 613),
(614, 4, 614),
(615, 4, 615),
(616, 5, 616),
(617, 5, 617),
(618, 5, 618),
(619, 5, 619),
(620, 6, 620),
(621, 6, 621),
(622, 6, 622),
(623, 6, 623),
(624, 6, 624),
(625, 6, 625),
(626, 7, 626),
(627, 7, 627),
(628, 7, 628),
(629, 7, 629),
(630, 7, 630),
(631, 8, 631),
(632, 8, 632),
(633, 8, 633),
(634, 8, 634),
(635, 9, 635),
(636, 9, 636),
(637, 9, 637),
(638, 9, 638),
(639, 9, 639),
(640, 9, 640),
(641, 10, 641),
(642, 10, 642),
(643, 10, 643),
(644, 10, 644),
(645, 10, 645),
(646, 10, 646),
(647, 11, 647),
(648, 11, 648),
(649, 11, 649),
(650, 11, 650),
(651, 11, 651),
(652, 12, 652),
(653, 12, 653),
(654, 12, 654),
(655, 12, 655),
(656, 13, 656),
(657, 13, 657),
(658, 13, 658),
(659, 13, 659),
(660, 13, 660),
(661, 14, 661),
(662, 14, 662),
(663, 14, 663),
(664, 14, 664),
(665, 15, 665),
(666, 15, 666),
(667, 15, 667),
(668, 15, 668),
(669, 15, 669),
(670, 15, 670),
(671, 16, 671),
(672, 16, 672),
(673, 16, 673),
(674, 16, 674),
(675, 16, 675),
(676, 16, 676),
(677, 17, 677),
(678, 17, 678),
(679, 17, 679),
(680, 17, 680),
(681, 17, 681),
(682, 17, 682),
(683, 18, 683),
(684, 18, 684),
(685, 18, 685),
(686, 18, 686),
(687, 19, 687),
(688, 19, 688),
(689, 19, 689),
(690, 19, 690),
(691, 19, 691),
(692, 19, 692),
(693, 20, 693),
(694, 20, 694),
(695, 20, 695),
(696, 20, 696),
(697, 21, 697),
(698, 21, 698),
(699, 21, 699),
(700, 21, 700),
(701, 21, 701),
(702, 22, 702),
(703, 22, 703),
(704, 22, 704),
(705, 22, 705),
(706, 23, 706),
(707, 23, 707),
(708, 23, 708),
(709, 23, 709),
(710, 23, 710),
(711, 23, 711),
(712, 24, 712),
(713, 24, 713),
(714, 24, 714),
(715, 24, 715),
(716, 24, 716),
(717, 24, 717),
(718, 25, 718),
(719, 25, 719),
(720, 25, 720),
(721, 25, 721),
(722, 25, 722),
(723, 25, 723),
(724, 26, 724),
(725, 26, 725),
(726, 26, 726),
(727, 26, 727),
(728, 26, 728),
(729, 26, 729),
(730, 27, 730),
(731, 27, 731),
(732, 27, 732),
(733, 27, 733),
(734, 27, 734),
(735, 28, 735),
(736, 28, 736),
(737, 28, 737),
(738, 28, 738),
(739, 28, 739),
(740, 29, 740),
(741, 29, 741),
(742, 29, 742),
(743, 29, 743),
(744, 30, 744),
(745, 30, 745),
(746, 30, 746),
(747, 30, 747),
(748, 31, 748),
(749, 31, 749),
(750, 31, 750),
(751, 31, 751),
(752, 32, 752),
(753, 32, 753),
(754, 32, 754),
(755, 32, 755),
(756, 33, 756),
(757, 33, 757),
(758, 33, 758),
(759, 33, 759),
(760, 34, 760),
(761, 34, 761),
(762, 34, 762),
(763, 34, 763),
(764, 35, 764),
(765, 35, 765),
(766, 35, 766),
(767, 35, 767),
(768, 36, 768),
(769, 36, 769),
(770, 36, 770),
(771, 36, 771),
(772, 37, 772),
(773, 37, 773),
(774, 37, 774),
(775, 37, 775),
(776, 38, 776),
(777, 38, 777),
(778, 38, 778),
(779, 38, 779),
(780, 39, 780),
(781, 39, 781),
(782, 39, 782),
(783, 39, 783),
(784, 39, 784),
(785, 40, 785),
(786, 40, 786),
(787, 40, 787),
(788, 40, 788),
(789, 41, 789),
(790, 41, 790),
(791, 41, 791),
(792, 41, 792),
(793, 41, 793),
(794, 41, 794),
(795, 42, 795),
(796, 42, 796),
(797, 42, 797),
(798, 42, 798),
(799, 42, 799),
(800, 43, 800),
(801, 43, 801),
(802, 43, 802),
(803, 43, 803),
(804, 43, 804),
(805, 43, 805),
(806, 44, 806),
(807, 44, 807),
(808, 44, 808),
(809, 44, 809),
(810, 44, 810),
(811, 44, 811),
(812, 45, 812),
(813, 45, 813),
(814, 45, 814),
(815, 45, 815),
(816, 45, 816),
(817, 46, 817),
(818, 46, 818),
(819, 46, 819),
(820, 46, 820),
(821, 46, 821),
(822, 46, 822),
(823, 47, 823),
(824, 47, 824),
(825, 47, 825),
(826, 47, 826),
(827, 47, 827),
(828, 47, 828),
(829, 48, 829),
(830, 48, 830),
(831, 48, 831),
(832, 48, 832),
(833, 48, 833),
(834, 48, 834),
(835, 49, 835),
(836, 49, 836),
(837, 49, 837),
(838, 49, 838),
(839, 50, 839),
(840, 50, 840),
(841, 50, 841),
(842, 50, 842),
(843, 50, 843),
(844, 50, 844),
(845, 51, 845),
(846, 51, 846),
(847, 51, 847),
(848, 51, 848),
(849, 51, 849),
(850, 51, 850),
(851, 52, 851),
(852, 52, 852),
(853, 52, 853),
(854, 52, 854),
(855, 52, 855),
(856, 53, 856),
(857, 53, 857),
(858, 53, 858),
(859, 53, 859),
(860, 54, 860),
(861, 54, 861),
(862, 54, 862),
(863, 54, 863),
(864, 54, 864),
(865, 55, 865),
(866, 55, 866),
(867, 55, 867),
(868, 55, 868),
(869, 55, 869),
(870, 55, 870),
(871, 56, 871),
(872, 56, 872),
(873, 56, 873),
(874, 56, 874),
(875, 57, 875),
(876, 57, 876),
(877, 57, 877),
(878, 57, 878),
(879, 57, 879),
(880, 57, 880),
(881, 58, 881),
(882, 58, 882),
(883, 58, 883),
(884, 58, 884),
(885, 58, 885),
(886, 58, 886),
(887, 59, 887),
(888, 59, 888),
(889, 59, 889),
(890, 59, 890),
(891, 59, 891),
(892, 60, 892),
(893, 60, 893),
(894, 60, 894),
(895, 60, 895),
(896, 60, 896),
(897, 60, 897),
(898, 1, 898),
(899, 1, 899),
(900, 1, 900),
(901, 1, 901),
(902, 1, 902),
(903, 1, 903),
(904, 2, 904),
(905, 2, 905),
(906, 2, 906),
(907, 2, 907),
(908, 2, 908),
(909, 3, 909),
(910, 3, 910),
(911, 3, 911),
(912, 3, 912),
(913, 3, 913),
(914, 4, 914),
(915, 4, 915),
(916, 4, 916),
(917, 4, 917),
(918, 4, 918),
(919, 4, 919),
(920, 5, 920),
(921, 5, 921),
(922, 5, 922),
(923, 5, 923),
(924, 5, 924),
(925, 6, 925),
(926, 6, 926),
(927, 6, 927),
(928, 6, 928),
(929, 7, 929),
(930, 7, 930),
(931, 7, 931),
(932, 7, 932),
(933, 8, 933),
(934, 8, 934),
(935, 8, 935),
(936, 8, 936),
(937, 8, 937),
(938, 8, 938),
(939, 9, 939),
(940, 9, 940),
(941, 9, 941),
(942, 9, 942),
(943, 10, 943),
(944, 10, 944),
(945, 10, 945),
(946, 10, 946),
(947, 10, 947),
(948, 10, 948),
(949, 11, 949),
(950, 11, 950),
(951, 11, 951),
(952, 11, 952),
(953, 12, 953),
(954, 12, 954),
(955, 12, 955),
(956, 12, 956),
(957, 12, 957),
(958, 12, 958),
(959, 13, 959),
(960, 13, 960),
(961, 13, 961),
(962, 13, 962),
(963, 14, 963),
(964, 14, 964),
(965, 14, 965),
(966, 14, 966),
(967, 14, 967),
(968, 14, 968),
(969, 15, 969),
(970, 15, 970),
(971, 15, 971),
(972, 15, 972),
(973, 16, 973),
(974, 16, 974),
(975, 16, 975),
(976, 16, 976),
(977, 16, 977),
(978, 16, 978),
(979, 17, 979),
(980, 17, 980),
(981, 17, 981),
(982, 17, 982),
(983, 18, 983),
(984, 18, 984),
(985, 18, 985),
(986, 18, 986),
(987, 19, 987),
(988, 19, 988),
(989, 19, 989),
(990, 19, 990),
(991, 19, 991),
(992, 20, 992),
(993, 20, 993),
(994, 20, 994),
(995, 20, 995),
(996, 20, 996),
(997, 21, 997),
(998, 21, 998),
(999, 21, 999),
(1000, 21, 1000),
(1001, 21, 1001),
(1002, 21, 1002),
(1003, 22, 1003),
(1004, 22, 1004),
(1005, 22, 1005),
(1006, 22, 1006),
(1007, 22, 1007),
(1008, 22, 1008),
(1009, 23, 1009),
(1010, 23, 1010),
(1011, 23, 1011),
(1012, 23, 1012),
(1013, 24, 1013),
(1014, 24, 1014),
(1015, 24, 1015),
(1016, 24, 1016),
(1017, 25, 1017),
(1018, 25, 1018),
(1019, 25, 1019),
(1020, 25, 1020),
(1021, 26, 1021),
(1022, 26, 1022),
(1023, 26, 1023),
(1024, 26, 1024),
(1025, 27, 1025),
(1026, 27, 1026),
(1027, 27, 1027),
(1028, 27, 1028),
(1029, 28, 1029),
(1030, 28, 1030),
(1031, 28, 1031),
(1032, 28, 1032),
(1033, 28, 1033),
(1034, 28, 1034),
(1035, 29, 1035),
(1036, 29, 1036),
(1037, 29, 1037),
(1038, 29, 1038),
(1039, 29, 1039),
(1040, 30, 1040),
(1041, 30, 1041),
(1042, 30, 1042),
(1043, 30, 1043),
(1044, 31, 1044),
(1045, 31, 1045),
(1046, 31, 1046),
(1047, 31, 1047),
(1048, 32, 1048),
(1049, 32, 1049),
(1050, 32, 1050),
(1051, 32, 1051),
(1052, 32, 1052),
(1053, 32, 1053),
(1054, 33, 1054),
(1055, 33, 1055),
(1056, 33, 1056),
(1057, 33, 1057),
(1058, 34, 1058),
(1059, 34, 1059),
(1060, 34, 1060),
(1061, 34, 1061),
(1062, 34, 1062),
(1063, 34, 1063),
(1064, 35, 1064),
(1065, 35, 1065),
(1066, 35, 1066),
(1067, 35, 1067),
(1068, 35, 1068),
(1069, 36, 1069),
(1070, 36, 1070),
(1071, 36, 1071),
(1072, 36, 1072),
(1073, 36, 1073),
(1074, 36, 1074),
(1075, 37, 1075),
(1076, 37, 1076),
(1077, 37, 1077),
(1078, 37, 1078),
(1079, 37, 1079),
(1080, 37, 1080),
(1081, 38, 1081),
(1082, 38, 1082),
(1083, 38, 1083),
(1084, 38, 1084),
(1085, 38, 1085),
(1086, 39, 1086),
(1087, 39, 1087),
(1088, 39, 1088),
(1089, 39, 1089),
(1090, 39, 1090),
(1091, 40, 1091),
(1092, 40, 1092),
(1093, 40, 1093),
(1094, 40, 1094),
(1095, 41, 1095),
(1096, 41, 1096),
(1097, 41, 1097),
(1098, 41, 1098),
(1099, 41, 1099),
(1100, 42, 1100),
(1101, 42, 1101),
(1102, 42, 1102),
(1103, 42, 1103),
(1104, 43, 1104),
(1105, 43, 1105),
(1106, 43, 1106),
(1107, 43, 1107),
(1108, 43, 1108),
(1109, 44, 1109),
(1110, 44, 1110),
(1111, 44, 1111),
(1112, 44, 1112),
(1113, 45, 1113),
(1114, 45, 1114),
(1115, 45, 1115),
(1116, 45, 1116),
(1117, 45, 1117),
(1118, 45, 1118),
(1119, 46, 1119),
(1120, 46, 1120),
(1121, 46, 1121),
(1122, 46, 1122),
(1123, 46, 1123),
(1124, 46, 1124),
(1125, 47, 1125),
(1126, 47, 1126),
(1127, 47, 1127),
(1128, 47, 1128),
(1129, 47, 1129),
(1130, 47, 1130),
(1131, 48, 1131),
(1132, 48, 1132),
(1133, 48, 1133),
(1134, 48, 1134),
(1135, 48, 1135),
(1136, 48, 1136),
(1137, 49, 1137),
(1138, 49, 1138),
(1139, 49, 1139),
(1140, 49, 1140),
(1141, 49, 1141),
(1142, 50, 1142),
(1143, 50, 1143),
(1144, 50, 1144),
(1145, 50, 1145),
(1146, 50, 1146),
(1147, 51, 1147),
(1148, 51, 1148),
(1149, 51, 1149),
(1150, 51, 1150),
(1151, 51, 1151),
(1152, 52, 1152),
(1153, 52, 1153),
(1154, 52, 1154),
(1155, 52, 1155),
(1156, 52, 1156),
(1157, 53, 1157),
(1158, 53, 1158),
(1159, 53, 1159),
(1160, 53, 1160),
(1161, 53, 1161),
(1162, 54, 1162),
(1163, 54, 1163),
(1164, 54, 1164),
(1165, 54, 1165),
(1166, 55, 1166),
(1167, 55, 1167),
(1168, 55, 1168),
(1169, 55, 1169),
(1170, 55, 1170),
(1171, 56, 1171),
(1172, 56, 1172),
(1173, 56, 1173),
(1174, 56, 1174),
(1175, 56, 1175),
(1176, 57, 1176),
(1177, 57, 1177),
(1178, 57, 1178),
(1179, 57, 1179),
(1180, 57, 1180),
(1181, 57, 1181),
(1182, 58, 1182),
(1183, 58, 1183),
(1184, 58, 1184),
(1185, 58, 1185),
(1186, 59, 1186),
(1187, 59, 1187),
(1188, 59, 1188),
(1189, 59, 1189),
(1190, 59, 1190),
(1191, 59, 1191),
(1192, 60, 1192),
(1193, 60, 1193),
(1194, 60, 1194),
(1195, 60, 1195),
(1196, 60, 1196),
(1197, 1, 1197),
(1198, 1, 1198),
(1199, 1, 1199),
(1200, 1, 1200),
(1201, 1, 1201),
(1202, 1, 1202),
(1203, 2, 1203),
(1204, 2, 1204),
(1205, 2, 1205),
(1206, 2, 1206),
(1207, 2, 1207),
(1208, 3, 1208),
(1209, 3, 1209),
(1210, 3, 1210),
(1211, 3, 1211),
(1212, 3, 1212),
(1213, 3, 1213),
(1214, 4, 1214),
(1215, 4, 1215),
(1216, 4, 1216),
(1217, 4, 1217),
(1218, 5, 1218),
(1219, 5, 1219),
(1220, 5, 1220),
(1221, 5, 1221),
(1222, 6, 1222),
(1223, 6, 1223),
(1224, 6, 1224),
(1225, 6, 1225),
(1226, 6, 1226),
(1227, 6, 1227),
(1228, 7, 1228),
(1229, 7, 1229),
(1230, 7, 1230),
(1231, 7, 1231),
(1232, 7, 1232),
(1233, 7, 1233),
(1234, 8, 1234),
(1235, 8, 1235),
(1236, 8, 1236),
(1237, 8, 1237),
(1238, 9, 1238),
(1239, 9, 1239),
(1240, 9, 1240),
(1241, 9, 1241),
(1242, 9, 1242),
(1243, 10, 1243),
(1244, 10, 1244),
(1245, 10, 1245),
(1246, 10, 1246),
(1247, 11, 1247),
(1248, 11, 1248),
(1249, 11, 1249),
(1250, 11, 1250),
(1251, 11, 1251),
(1252, 11, 1252),
(1253, 12, 1253),
(1254, 12, 1254),
(1255, 12, 1255),
(1256, 12, 1256),
(1257, 12, 1257),
(1258, 13, 1258),
(1259, 13, 1259),
(1260, 13, 1260),
(1261, 13, 1261),
(1262, 13, 1262),
(1263, 13, 1263),
(1264, 14, 1264),
(1265, 14, 1265),
(1266, 14, 1266),
(1267, 14, 1267),
(1268, 14, 1268),
(1269, 14, 1269),
(1270, 15, 1270),
(1271, 15, 1271),
(1272, 15, 1272),
(1273, 15, 1273),
(1274, 15, 1274),
(1275, 16, 1275),
(1276, 16, 1276),
(1277, 16, 1277),
(1278, 16, 1278),
(1279, 16, 1279),
(1280, 17, 1280),
(1281, 17, 1281),
(1282, 17, 1282),
(1283, 17, 1283),
(1284, 18, 1284),
(1285, 18, 1285),
(1286, 18, 1286),
(1287, 18, 1287),
(1288, 18, 1288),
(1289, 19, 1289),
(1290, 19, 1290),
(1291, 19, 1291),
(1292, 19, 1292),
(1293, 19, 1293),
(1294, 19, 1294),
(1295, 20, 1295),
(1296, 20, 1296),
(1297, 20, 1297),
(1298, 20, 1298),
(1299, 20, 1299),
(1300, 21, 1300),
(1301, 21, 1301),
(1302, 21, 1302),
(1303, 21, 1303),
(1304, 21, 1304),
(1305, 22, 1305),
(1306, 22, 1306),
(1307, 22, 1307),
(1308, 22, 1308),
(1309, 22, 1309),
(1310, 23, 1310),
(1311, 23, 1311),
(1312, 23, 1312),
(1313, 23, 1313),
(1314, 24, 1314),
(1315, 24, 1315),
(1316, 24, 1316),
(1317, 24, 1317),
(1318, 24, 1318),
(1319, 24, 1319),
(1320, 25, 1320),
(1321, 25, 1321),
(1322, 25, 1322),
(1323, 25, 1323),
(1324, 25, 1324),
(1325, 26, 1325),
(1326, 26, 1326),
(1327, 26, 1327),
(1328, 26, 1328),
(1329, 27, 1329),
(1330, 27, 1330),
(1331, 27, 1331),
(1332, 27, 1332),
(1333, 28, 1333),
(1334, 28, 1334),
(1335, 28, 1335),
(1336, 28, 1336),
(1337, 28, 1337),
(1338, 28, 1338),
(1339, 29, 1339),
(1340, 29, 1340),
(1341, 29, 1341),
(1342, 29, 1342),
(1343, 30, 1343),
(1344, 30, 1344),
(1345, 30, 1345),
(1346, 30, 1346),
(1347, 30, 1347),
(1348, 31, 1348),
(1349, 31, 1349),
(1350, 31, 1350),
(1351, 31, 1351),
(1352, 31, 1352),
(1353, 31, 1353),
(1354, 32, 1354),
(1355, 32, 1355),
(1356, 32, 1356),
(1357, 32, 1357),
(1358, 33, 1358),
(1359, 33, 1359),
(1360, 33, 1360),
(1361, 33, 1361),
(1362, 34, 1362),
(1363, 34, 1363),
(1364, 34, 1364),
(1365, 34, 1365),
(1366, 34, 1366),
(1367, 34, 1367),
(1368, 35, 1368),
(1369, 35, 1369),
(1370, 35, 1370),
(1371, 35, 1371),
(1372, 36, 1372),
(1373, 36, 1373),
(1374, 36, 1374),
(1375, 36, 1375),
(1376, 37, 1376),
(1377, 37, 1377),
(1378, 37, 1378),
(1379, 37, 1379),
(1380, 37, 1380),
(1381, 37, 1381),
(1382, 38, 1382),
(1383, 38, 1383),
(1384, 38, 1384),
(1385, 38, 1385),
(1386, 38, 1386),
(1387, 38, 1387),
(1388, 39, 1388),
(1389, 39, 1389),
(1390, 39, 1390),
(1391, 39, 1391),
(1392, 39, 1392),
(1393, 40, 1393),
(1394, 40, 1394),
(1395, 40, 1395),
(1396, 40, 1396),
(1397, 41, 1397),
(1398, 41, 1398),
(1399, 41, 1399),
(1400, 41, 1400),
(1401, 42, 1401),
(1402, 42, 1402),
(1403, 42, 1403),
(1404, 42, 1404),
(1405, 43, 1405),
(1406, 43, 1406),
(1407, 43, 1407),
(1408, 43, 1408),
(1409, 44, 1409),
(1410, 44, 1410),
(1411, 44, 1411),
(1412, 44, 1412),
(1413, 45, 1413),
(1414, 45, 1414),
(1415, 45, 1415),
(1416, 45, 1416),
(1417, 45, 1417),
(1418, 46, 1418),
(1419, 46, 1419),
(1420, 46, 1420),
(1421, 46, 1421),
(1422, 46, 1422),
(1423, 47, 1423),
(1424, 47, 1424),
(1425, 47, 1425),
(1426, 47, 1426),
(1427, 47, 1427),
(1428, 47, 1428),
(1429, 48, 1429),
(1430, 48, 1430),
(1431, 48, 1431),
(1432, 48, 1432),
(1433, 48, 1433),
(1434, 49, 1434),
(1435, 49, 1435),
(1436, 49, 1436),
(1437, 49, 1437),
(1438, 50, 1438),
(1439, 50, 1439),
(1440, 50, 1440),
(1441, 50, 1441),
(1442, 50, 1442),
(1443, 50, 1443),
(1444, 51, 1444),
(1445, 51, 1445),
(1446, 51, 1446),
(1447, 51, 1447),
(1448, 52, 1448),
(1449, 52, 1449),
(1450, 52, 1450),
(1451, 52, 1451),
(1452, 53, 1452),
(1453, 53, 1453),
(1454, 53, 1454),
(1455, 53, 1455),
(1456, 53, 1456),
(1457, 53, 1457),
(1458, 54, 1458),
(1459, 54, 1459),
(1460, 54, 1460),
(1461, 54, 1461),
(1462, 54, 1462),
(1463, 55, 1463),
(1464, 55, 1464),
(1465, 55, 1465),
(1466, 55, 1466),
(1467, 55, 1467),
(1468, 55, 1468),
(1469, 56, 1469),
(1470, 56, 1470),
(1471, 56, 1471),
(1472, 56, 1472),
(1473, 57, 1473),
(1474, 57, 1474),
(1475, 57, 1475),
(1476, 57, 1476),
(1477, 57, 1477),
(1478, 57, 1478),
(1479, 58, 1479),
(1480, 58, 1480),
(1481, 58, 1481),
(1482, 58, 1482),
(1483, 58, 1483),
(1484, 58, 1484),
(1485, 59, 1485),
(1486, 59, 1486),
(1487, 59, 1487),
(1488, 59, 1488),
(1489, 60, 1489),
(1490, 60, 1490),
(1491, 60, 1491),
(1492, 60, 1492),
(1493, 60, 1493),
(1494, 1, 1494),
(1495, 1, 1495),
(1496, 1, 1496),
(1497, 1, 1497),
(1498, 2, 1498),
(1499, 2, 1499),
(1500, 2, 1500),
(1501, 2, 1501),
(1502, 2, 1502),
(1503, 2, 1503),
(1504, 3, 1504),
(1505, 3, 1505),
(1506, 3, 1506),
(1507, 3, 1507),
(1508, 4, 1508),
(1509, 4, 1509),
(1510, 4, 1510),
(1511, 4, 1511),
(1512, 4, 1512),
(1513, 5, 1513),
(1514, 5, 1514),
(1515, 5, 1515),
(1516, 5, 1516),
(1517, 5, 1517),
(1518, 5, 1518),
(1519, 6, 1519),
(1520, 6, 1520),
(1521, 6, 1521),
(1522, 6, 1522),
(1523, 7, 1523),
(1524, 7, 1524),
(1525, 7, 1525),
(1526, 7, 1526),
(1527, 8, 1527),
(1528, 8, 1528),
(1529, 8, 1529),
(1530, 8, 1530),
(1531, 8, 1531),
(1532, 9, 1532),
(1533, 9, 1533),
(1534, 9, 1534),
(1535, 9, 1535),
(1536, 9, 1536),
(1537, 10, 1537),
(1538, 10, 1538),
(1539, 10, 1539),
(1540, 10, 1540),
(1541, 11, 1541),
(1542, 11, 1542),
(1543, 11, 1543),
(1544, 11, 1544),
(1545, 11, 1545),
(1546, 11, 1546),
(1547, 12, 1547),
(1548, 12, 1548),
(1549, 12, 1549),
(1550, 12, 1550),
(1551, 12, 1551),
(1552, 12, 1552),
(1553, 13, 1553),
(1554, 13, 1554),
(1555, 13, 1555),
(1556, 13, 1556),
(1557, 13, 1557),
(1558, 13, 1558),
(1559, 14, 1559),
(1560, 14, 1560),
(1561, 14, 1561),
(1562, 14, 1562),
(1563, 14, 1563),
(1564, 15, 1564),
(1565, 15, 1565),
(1566, 15, 1566),
(1567, 15, 1567),
(1568, 15, 1568),
(1569, 15, 1569),
(1570, 16, 1570),
(1571, 16, 1571),
(1572, 16, 1572),
(1573, 16, 1573),
(1574, 17, 1574),
(1575, 17, 1575),
(1576, 17, 1576),
(1577, 17, 1577),
(1578, 18, 1578),
(1579, 18, 1579),
(1580, 18, 1580),
(1581, 18, 1581),
(1582, 18, 1582),
(1583, 18, 1583),
(1584, 19, 1584),
(1585, 19, 1585),
(1586, 19, 1586),
(1587, 19, 1587),
(1588, 19, 1588),
(1589, 19, 1589),
(1590, 20, 1590),
(1591, 20, 1591),
(1592, 20, 1592),
(1593, 20, 1593),
(1594, 20, 1594),
(1595, 21, 1595),
(1596, 21, 1596),
(1597, 21, 1597),
(1598, 21, 1598),
(1599, 22, 1599),
(1600, 22, 1600),
(1601, 22, 1601),
(1602, 22, 1602),
(1603, 22, 1603),
(1604, 23, 1604),
(1605, 23, 1605),
(1606, 23, 1606),
(1607, 23, 1607),
(1608, 24, 1608),
(1609, 24, 1609),
(1610, 24, 1610),
(1611, 24, 1611),
(1612, 25, 1612),
(1613, 25, 1613),
(1614, 25, 1614),
(1615, 25, 1615),
(1616, 25, 1616),
(1617, 26, 1617),
(1618, 26, 1618),
(1619, 26, 1619),
(1620, 26, 1620),
(1621, 26, 1621),
(1622, 27, 1622),
(1623, 27, 1623),
(1624, 27, 1624),
(1625, 27, 1625),
(1626, 27, 1626),
(1627, 28, 1627),
(1628, 28, 1628),
(1629, 28, 1629),
(1630, 28, 1630),
(1631, 28, 1631),
(1632, 28, 1632),
(1633, 29, 1633),
(1634, 29, 1634),
(1635, 29, 1635),
(1636, 29, 1636),
(1637, 29, 1637),
(1638, 29, 1638),
(1639, 30, 1639),
(1640, 30, 1640),
(1641, 30, 1641),
(1642, 30, 1642),
(1643, 30, 1643),
(1644, 30, 1644),
(1645, 31, 1645),
(1646, 31, 1646),
(1647, 31, 1647),
(1648, 31, 1648),
(1649, 31, 1649),
(1650, 32, 1650),
(1651, 32, 1651),
(1652, 32, 1652),
(1653, 32, 1653),
(1654, 32, 1654),
(1655, 32, 1655),
(1656, 33, 1656),
(1657, 33, 1657),
(1658, 33, 1658),
(1659, 33, 1659),
(1660, 33, 1660),
(1661, 34, 1661),
(1662, 34, 1662),
(1663, 34, 1663),
(1664, 34, 1664),
(1665, 35, 1665),
(1666, 35, 1666),
(1667, 35, 1667),
(1668, 35, 1668),
(1669, 35, 1669),
(1670, 36, 1670),
(1671, 36, 1671),
(1672, 36, 1672),
(1673, 36, 1673),
(1674, 36, 1674),
(1675, 36, 1675),
(1676, 37, 1676),
(1677, 37, 1677),
(1678, 37, 1678),
(1679, 37, 1679),
(1680, 37, 1680),
(1681, 37, 1681),
(1682, 38, 1682),
(1683, 38, 1683),
(1684, 38, 1684),
(1685, 38, 1685),
(1686, 38, 1686),
(1687, 38, 1687),
(1688, 39, 1688),
(1689, 39, 1689),
(1690, 39, 1690),
(1691, 39, 1691),
(1692, 40, 1692),
(1693, 40, 1693),
(1694, 40, 1694),
(1695, 40, 1695),
(1696, 41, 1696),
(1697, 41, 1697),
(1698, 41, 1698),
(1699, 41, 1699),
(1700, 41, 1700),
(1701, 42, 1701),
(1702, 42, 1702),
(1703, 42, 1703),
(1704, 42, 1704),
(1705, 42, 1705),
(1706, 42, 1706),
(1707, 43, 1707),
(1708, 43, 1708),
(1709, 43, 1709),
(1710, 43, 1710),
(1711, 44, 1711),
(1712, 44, 1712),
(1713, 44, 1713),
(1714, 44, 1714),
(1715, 44, 1715),
(1716, 45, 1716),
(1717, 45, 1717),
(1718, 45, 1718),
(1719, 45, 1719),
(1720, 45, 1720),
(1721, 46, 1721),
(1722, 46, 1722),
(1723, 46, 1723),
(1724, 46, 1724),
(1725, 46, 1725),
(1726, 46, 1726),
(1727, 47, 1727),
(1728, 47, 1728),
(1729, 47, 1729),
(1730, 47, 1730),
(1731, 47, 1731),
(1732, 47, 1732),
(1733, 48, 1733),
(1734, 48, 1734),
(1735, 48, 1735),
(1736, 48, 1736),
(1737, 49, 1737),
(1738, 49, 1738),
(1739, 49, 1739),
(1740, 49, 1740),
(1741, 50, 1741),
(1742, 50, 1742),
(1743, 50, 1743),
(1744, 50, 1744),
(1745, 51, 1745),
(1746, 51, 1746),
(1747, 51, 1747),
(1748, 51, 1748),
(1749, 52, 1749),
(1750, 52, 1750),
(1751, 52, 1751),
(1752, 52, 1752),
(1753, 52, 1753),
(1754, 53, 1754),
(1755, 53, 1755),
(1756, 53, 1756),
(1757, 53, 1757),
(1758, 54, 1758),
(1759, 54, 1759),
(1760, 54, 1760),
(1761, 54, 1761),
(1762, 55, 1762),
(1763, 55, 1763),
(1764, 55, 1764),
(1765, 55, 1765),
(1766, 55, 1766),
(1767, 55, 1767),
(1768, 56, 1768),
(1769, 56, 1769),
(1770, 56, 1770),
(1771, 56, 1771),
(1772, 56, 1772),
(1773, 57, 1773),
(1774, 57, 1774),
(1775, 57, 1775),
(1776, 57, 1776),
(1777, 57, 1777),
(1778, 57, 1778),
(1779, 58, 1779),
(1780, 58, 1780),
(1781, 58, 1781),
(1782, 58, 1782),
(1783, 58, 1783),
(1784, 58, 1784),
(1785, 59, 1785),
(1786, 59, 1786),
(1787, 59, 1787),
(1788, 59, 1788),
(1789, 60, 1789),
(1790, 60, 1790),
(1791, 60, 1791),
(1792, 60, 1792),
(1793, 60, 1793),
(1794, 1, 1794),
(1795, 1, 1795),
(1796, 1, 1796),
(1797, 1, 1797),
(1798, 2, 1798),
(1799, 2, 1799),
(1800, 2, 1800),
(1801, 2, 1801),
(1802, 3, 1802),
(1803, 3, 1803),
(1804, 3, 1804),
(1805, 3, 1805),
(1806, 3, 1806),
(1807, 3, 1807),
(1808, 4, 1808),
(1809, 4, 1809),
(1810, 4, 1810),
(1811, 4, 1811),
(1812, 4, 1812),
(1813, 4, 1813),
(1814, 5, 1814),
(1815, 5, 1815),
(1816, 5, 1816),
(1817, 5, 1817),
(1818, 5, 1818),
(1819, 5, 1819),
(1820, 6, 1820),
(1821, 6, 1821),
(1822, 6, 1822),
(1823, 6, 1823),
(1824, 7, 1824),
(1825, 7, 1825),
(1826, 7, 1826),
(1827, 7, 1827),
(1828, 8, 1828),
(1829, 8, 1829),
(1830, 8, 1830),
(1831, 8, 1831),
(1832, 8, 1832),
(1833, 8, 1833),
(1834, 9, 1834),
(1835, 9, 1835),
(1836, 9, 1836),
(1837, 9, 1837),
(1838, 10, 1838),
(1839, 10, 1839),
(1840, 10, 1840),
(1841, 10, 1841),
(1842, 10, 1842),
(1843, 11, 1843),
(1844, 11, 1844),
(1845, 11, 1845),
(1846, 11, 1846),
(1847, 12, 1847),
(1848, 12, 1848),
(1849, 12, 1849),
(1850, 12, 1850),
(1851, 12, 1851),
(1852, 13, 1852),
(1853, 13, 1853),
(1854, 13, 1854),
(1855, 13, 1855),
(1856, 13, 1856),
(1857, 14, 1857),
(1858, 14, 1858),
(1859, 14, 1859),
(1860, 14, 1860),
(1861, 15, 1861),
(1862, 15, 1862),
(1863, 15, 1863),
(1864, 15, 1864),
(1865, 15, 1865),
(1866, 15, 1866),
(1867, 16, 1867),
(1868, 16, 1868),
(1869, 16, 1869),
(1870, 16, 1870),
(1871, 17, 1871),
(1872, 17, 1872),
(1873, 17, 1873),
(1874, 17, 1874),
(1875, 18, 1875),
(1876, 18, 1876),
(1877, 18, 1877),
(1878, 18, 1878),
(1879, 18, 1879),
(1880, 18, 1880),
(1881, 19, 1881),
(1882, 19, 1882),
(1883, 19, 1883),
(1884, 19, 1884),
(1885, 19, 1885),
(1886, 20, 1886),
(1887, 20, 1887),
(1888, 20, 1888),
(1889, 20, 1889),
(1890, 21, 1890),
(1891, 21, 1891),
(1892, 21, 1892),
(1893, 21, 1893),
(1894, 21, 1894),
(1895, 22, 1895),
(1896, 22, 1896),
(1897, 22, 1897),
(1898, 22, 1898),
(1899, 23, 1899),
(1900, 23, 1900),
(1901, 23, 1901),
(1902, 23, 1902),
(1903, 23, 1903),
(1904, 24, 1904),
(1905, 24, 1905),
(1906, 24, 1906),
(1907, 24, 1907),
(1908, 25, 1908),
(1909, 25, 1909),
(1910, 25, 1910),
(1911, 25, 1911),
(1912, 25, 1912),
(1913, 25, 1913),
(1914, 26, 1914),
(1915, 26, 1915),
(1916, 26, 1916),
(1917, 26, 1917),
(1918, 26, 1918),
(1919, 27, 1919),
(1920, 27, 1920),
(1921, 27, 1921),
(1922, 27, 1922),
(1923, 27, 1923),
(1924, 28, 1924),
(1925, 28, 1925),
(1926, 28, 1926),
(1927, 28, 1927),
(1928, 29, 1928),
(1929, 29, 1929),
(1930, 29, 1930),
(1931, 29, 1931),
(1932, 30, 1932),
(1933, 30, 1933),
(1934, 30, 1934),
(1935, 30, 1935),
(1936, 30, 1936),
(1937, 31, 1937),
(1938, 31, 1938),
(1939, 31, 1939),
(1940, 31, 1940),
(1941, 32, 1941),
(1942, 32, 1942),
(1943, 32, 1943),
(1944, 32, 1944),
(1945, 33, 1945),
(1946, 33, 1946),
(1947, 33, 1947),
(1948, 33, 1948),
(1949, 34, 1949),
(1950, 34, 1950),
(1951, 34, 1951),
(1952, 34, 1952),
(1953, 34, 1953),
(1954, 34, 1954),
(1955, 35, 1955),
(1956, 35, 1956),
(1957, 35, 1957),
(1958, 35, 1958),
(1959, 35, 1959),
(1960, 36, 1960),
(1961, 36, 1961),
(1962, 36, 1962),
(1963, 36, 1963),
(1964, 36, 1964),
(1965, 37, 1965),
(1966, 37, 1966),
(1967, 37, 1967),
(1968, 37, 1968),
(1969, 37, 1969),
(1970, 37, 1970),
(1971, 38, 1971),
(1972, 38, 1972),
(1973, 38, 1973),
(1974, 38, 1974),
(1975, 39, 1975),
(1976, 39, 1976),
(1977, 39, 1977),
(1978, 39, 1978),
(1979, 39, 1979),
(1980, 40, 1980),
(1981, 40, 1981),
(1982, 40, 1982),
(1983, 40, 1983),
(1984, 40, 1984),
(1985, 41, 1985),
(1986, 41, 1986),
(1987, 41, 1987),
(1988, 41, 1988),
(1989, 42, 1989),
(1990, 42, 1990),
(1991, 42, 1991),
(1992, 42, 1992),
(1993, 42, 1993),
(1994, 42, 1994),
(1995, 43, 1995),
(1996, 43, 1996),
(1997, 43, 1997),
(1998, 43, 1998),
(1999, 43, 1999),
(2000, 44, 2000),
(2001, 44, 2001),
(2002, 44, 2002),
(2003, 44, 2003),
(2004, 44, 2004),
(2005, 44, 2005),
(2006, 45, 2006),
(2007, 45, 2007),
(2008, 45, 2008),
(2009, 45, 2009),
(2010, 45, 2010),
(2011, 46, 2011),
(2012, 46, 2012),
(2013, 46, 2013),
(2014, 46, 2014),
(2015, 47, 2015),
(2016, 47, 2016),
(2017, 47, 2017),
(2018, 47, 2018),
(2019, 47, 2019),
(2020, 48, 2020),
(2021, 48, 2021),
(2022, 48, 2022),
(2023, 48, 2023),
(2024, 48, 2024),
(2025, 49, 2025),
(2026, 49, 2026),
(2027, 49, 2027),
(2028, 49, 2028),
(2029, 49, 2029),
(2030, 49, 2030),
(2031, 50, 2031),
(2032, 50, 2032),
(2033, 50, 2033),
(2034, 50, 2034),
(2035, 51, 2035),
(2036, 51, 2036),
(2037, 51, 2037),
(2038, 51, 2038),
(2039, 51, 2039),
(2040, 52, 2040),
(2041, 52, 2041),
(2042, 52, 2042),
(2043, 52, 2043),
(2044, 52, 2044),
(2045, 52, 2045),
(2046, 53, 2046),
(2047, 53, 2047),
(2048, 53, 2048),
(2049, 53, 2049),
(2050, 54, 2050),
(2051, 54, 2051),
(2052, 54, 2052),
(2053, 54, 2053),
(2054, 54, 2054),
(2055, 55, 2055),
(2056, 55, 2056),
(2057, 55, 2057),
(2058, 55, 2058),
(2059, 55, 2059),
(2060, 55, 2060),
(2061, 56, 2061),
(2062, 56, 2062),
(2063, 56, 2063),
(2064, 56, 2064),
(2065, 56, 2065),
(2066, 57, 2066),
(2067, 57, 2067),
(2068, 57, 2068),
(2069, 57, 2069),
(2070, 57, 2070),
(2071, 58, 2071),
(2072, 58, 2072),
(2073, 58, 2073),
(2074, 58, 2074),
(2075, 58, 2075),
(2076, 58, 2076),
(2077, 59, 2077),
(2078, 59, 2078),
(2079, 59, 2079),
(2080, 59, 2080),
(2081, 60, 2081),
(2082, 60, 2082),
(2083, 60, 2083),
(2084, 60, 2084),
(2085, 60, 2085),
(2086, 1, 2086),
(2087, 1, 2087),
(2088, 1, 2088),
(2089, 1, 2089),
(2090, 1, 2090),
(2091, 1, 2091),
(2092, 2, 2092),
(2093, 2, 2093),
(2094, 2, 2094),
(2095, 2, 2095),
(2096, 3, 2096),
(2097, 3, 2097),
(2098, 3, 2098),
(2099, 3, 2099),
(2100, 3, 2100),
(2101, 3, 2101),
(2102, 4, 2102),
(2103, 4, 2103),
(2104, 4, 2104),
(2105, 4, 2105),
(2106, 5, 2106),
(2107, 5, 2107),
(2108, 5, 2108),
(2109, 5, 2109),
(2110, 6, 2110),
(2111, 6, 2111),
(2112, 6, 2112),
(2113, 6, 2113),
(2114, 6, 2114),
(2115, 7, 2115),
(2116, 7, 2116),
(2117, 7, 2117),
(2118, 7, 2118),
(2119, 7, 2119),
(2120, 7, 2120),
(2121, 8, 2121),
(2122, 8, 2122),
(2123, 8, 2123),
(2124, 8, 2124),
(2125, 8, 2125),
(2126, 9, 2126),
(2127, 9, 2127),
(2128, 9, 2128),
(2129, 9, 2129),
(2130, 9, 2130),
(2131, 10, 2131),
(2132, 10, 2132),
(2133, 10, 2133),
(2134, 10, 2134),
(2135, 10, 2135),
(2136, 10, 2136),
(2137, 11, 2137),
(2138, 11, 2138),
(2139, 11, 2139),
(2140, 11, 2140),
(2141, 11, 2141),
(2142, 12, 2142),
(2143, 12, 2143),
(2144, 12, 2144),
(2145, 12, 2145),
(2146, 12, 2146),
(2147, 13, 2147),
(2148, 13, 2148),
(2149, 13, 2149),
(2150, 13, 2150),
(2151, 14, 2151),
(2152, 14, 2152),
(2153, 14, 2153),
(2154, 14, 2154),
(2155, 15, 2155),
(2156, 15, 2156),
(2157, 15, 2157),
(2158, 15, 2158),
(2159, 15, 2159),
(2160, 15, 2160),
(2161, 16, 2161),
(2162, 16, 2162),
(2163, 16, 2163),
(2164, 16, 2164),
(2165, 17, 2165),
(2166, 17, 2166),
(2167, 17, 2167),
(2168, 17, 2168),
(2169, 18, 2169),
(2170, 18, 2170),
(2171, 18, 2171),
(2172, 18, 2172),
(2173, 18, 2173),
(2174, 19, 2174),
(2175, 19, 2175),
(2176, 19, 2176),
(2177, 19, 2177),
(2178, 20, 2178),
(2179, 20, 2179),
(2180, 20, 2180),
(2181, 20, 2181),
(2182, 21, 2182),
(2183, 21, 2183),
(2184, 21, 2184),
(2185, 21, 2185),
(2186, 21, 2186),
(2187, 22, 2187),
(2188, 22, 2188),
(2189, 22, 2189),
(2190, 22, 2190),
(2191, 22, 2191),
(2192, 22, 2192),
(2193, 23, 2193),
(2194, 23, 2194),
(2195, 23, 2195),
(2196, 23, 2196),
(2197, 24, 2197),
(2198, 24, 2198),
(2199, 24, 2199),
(2200, 24, 2200),
(2201, 24, 2201),
(2202, 24, 2202),
(2203, 25, 2203),
(2204, 25, 2204),
(2205, 25, 2205),
(2206, 25, 2206),
(2207, 25, 2207),
(2208, 26, 2208),
(2209, 26, 2209),
(2210, 26, 2210),
(2211, 26, 2211),
(2212, 26, 2212),
(2213, 27, 2213),
(2214, 27, 2214),
(2215, 27, 2215),
(2216, 27, 2216),
(2217, 27, 2217),
(2218, 27, 2218),
(2219, 28, 2219),
(2220, 28, 2220),
(2221, 28, 2221),
(2222, 28, 2222),
(2223, 28, 2223),
(2224, 29, 2224),
(2225, 29, 2225),
(2226, 29, 2226),
(2227, 29, 2227),
(2228, 29, 2228),
(2229, 29, 2229),
(2230, 30, 2230),
(2231, 30, 2231),
(2232, 30, 2232),
(2233, 30, 2233),
(2234, 30, 2234),
(2235, 31, 2235),
(2236, 31, 2236),
(2237, 31, 2237),
(2238, 31, 2238),
(2239, 31, 2239),
(2240, 32, 2240),
(2241, 32, 2241),
(2242, 32, 2242),
(2243, 32, 2243),
(2244, 32, 2244),
(2245, 33, 2245),
(2246, 33, 2246),
(2247, 33, 2247),
(2248, 33, 2248),
(2249, 33, 2249),
(2250, 33, 2250),
(2251, 34, 2251),
(2252, 34, 2252),
(2253, 34, 2253),
(2254, 34, 2254),
(2255, 34, 2255),
(2256, 35, 2256),
(2257, 35, 2257),
(2258, 35, 2258),
(2259, 35, 2259),
(2260, 35, 2260),
(2261, 36, 2261),
(2262, 36, 2262),
(2263, 36, 2263),
(2264, 36, 2264),
(2265, 36, 2265),
(2266, 36, 2266),
(2267, 37, 2267),
(2268, 37, 2268),
(2269, 37, 2269),
(2270, 37, 2270),
(2271, 37, 2271),
(2272, 37, 2272),
(2273, 38, 2273),
(2274, 38, 2274),
(2275, 38, 2275),
(2276, 38, 2276),
(2277, 38, 2277),
(2278, 39, 2278),
(2279, 39, 2279),
(2280, 39, 2280),
(2281, 39, 2281),
(2282, 40, 2282),
(2283, 40, 2283),
(2284, 40, 2284),
(2285, 40, 2285),
(2286, 40, 2286),
(2287, 41, 2287),
(2288, 41, 2288),
(2289, 41, 2289),
(2290, 41, 2290),
(2291, 41, 2291),
(2292, 42, 2292),
(2293, 42, 2293),
(2294, 42, 2294),
(2295, 42, 2295),
(2296, 43, 2296),
(2297, 43, 2297),
(2298, 43, 2298),
(2299, 43, 2299),
(2300, 44, 2300),
(2301, 44, 2301),
(2302, 44, 2302),
(2303, 44, 2303),
(2304, 44, 2304),
(2305, 44, 2305),
(2306, 45, 2306),
(2307, 45, 2307),
(2308, 45, 2308),
(2309, 45, 2309),
(2310, 46, 2310),
(2311, 46, 2311),
(2312, 46, 2312),
(2313, 46, 2313),
(2314, 46, 2314),
(2315, 46, 2315),
(2316, 47, 2316),
(2317, 47, 2317),
(2318, 47, 2318),
(2319, 47, 2319),
(2320, 48, 2320),
(2321, 48, 2321),
(2322, 48, 2322),
(2323, 48, 2323),
(2324, 48, 2324),
(2325, 48, 2325),
(2326, 49, 2326),
(2327, 49, 2327),
(2328, 49, 2328),
(2329, 49, 2329),
(2330, 49, 2330),
(2331, 49, 2331),
(2332, 50, 2332),
(2333, 50, 2333),
(2334, 50, 2334),
(2335, 50, 2335),
(2336, 50, 2336),
(2337, 50, 2337),
(2338, 51, 2338),
(2339, 51, 2339),
(2340, 51, 2340),
(2341, 51, 2341),
(2342, 51, 2342),
(2343, 51, 2343),
(2344, 52, 2344),
(2345, 52, 2345),
(2346, 52, 2346),
(2347, 52, 2347),
(2348, 52, 2348),
(2349, 52, 2349),
(2350, 53, 2350),
(2351, 53, 2351),
(2352, 53, 2352),
(2353, 53, 2353),
(2354, 54, 2354),
(2355, 54, 2355),
(2356, 54, 2356),
(2357, 54, 2357),
(2358, 54, 2358),
(2359, 54, 2359),
(2360, 55, 2360),
(2361, 55, 2361),
(2362, 55, 2362),
(2363, 55, 2363),
(2364, 55, 2364),
(2365, 55, 2365),
(2366, 56, 2366),
(2367, 56, 2367),
(2368, 56, 2368),
(2369, 56, 2369),
(2370, 56, 2370),
(2371, 57, 2371),
(2372, 57, 2372),
(2373, 57, 2373),
(2374, 57, 2374),
(2375, 57, 2375),
(2376, 57, 2376),
(2377, 58, 2377),
(2378, 58, 2378),
(2379, 58, 2379),
(2380, 58, 2380),
(2381, 58, 2381),
(2382, 58, 2382),
(2383, 59, 2383),
(2384, 59, 2384),
(2385, 59, 2385),
(2386, 59, 2386),
(2387, 59, 2387),
(2388, 59, 2388),
(2389, 60, 2389),
(2390, 60, 2390),
(2391, 60, 2391),
(2392, 60, 2392),
(2393, 60, 2393),
(2394, 60, 2394),
(2395, 1, 2395),
(2396, 1, 2396),
(2397, 1, 2397),
(2398, 1, 2398),
(2399, 1, 2399),
(2400, 1, 2400),
(2401, 2, 2401),
(2402, 2, 2402),
(2403, 2, 2403),
(2404, 2, 2404),
(2405, 2, 2405),
(2406, 2, 2406),
(2407, 3, 2407),
(2408, 3, 2408),
(2409, 3, 2409),
(2410, 3, 2410),
(2411, 3, 2411),
(2412, 3, 2412),
(2413, 4, 2413),
(2414, 4, 2414),
(2415, 4, 2415),
(2416, 4, 2416),
(2417, 4, 2417),
(2418, 5, 2418),
(2419, 5, 2419),
(2420, 5, 2420),
(2421, 5, 2421),
(2422, 5, 2422),
(2423, 5, 2423),
(2424, 6, 2424),
(2425, 6, 2425),
(2426, 6, 2426),
(2427, 6, 2427),
(2428, 7, 2428),
(2429, 7, 2429),
(2430, 7, 2430),
(2431, 7, 2431),
(2432, 7, 2432),
(2433, 7, 2433),
(2434, 8, 2434),
(2435, 8, 2435),
(2436, 8, 2436),
(2437, 8, 2437),
(2438, 8, 2438),
(2439, 8, 2439),
(2440, 9, 2440),
(2441, 9, 2441),
(2442, 9, 2442),
(2443, 9, 2443),
(2444, 10, 2444),
(2445, 10, 2445),
(2446, 10, 2446),
(2447, 10, 2447),
(2448, 10, 2448),
(2449, 10, 2449),
(2450, 11, 2450),
(2451, 11, 2451),
(2452, 11, 2452),
(2453, 11, 2453),
(2454, 11, 2454),
(2455, 12, 2455),
(2456, 12, 2456),
(2457, 12, 2457),
(2458, 12, 2458),
(2459, 13, 2459),
(2460, 13, 2460),
(2461, 13, 2461),
(2462, 13, 2462),
(2463, 14, 2463),
(2464, 14, 2464),
(2465, 14, 2465),
(2466, 14, 2466),
(2467, 14, 2467),
(2468, 15, 2468),
(2469, 15, 2469),
(2470, 15, 2470),
(2471, 15, 2471),
(2472, 15, 2472),
(2473, 15, 2473),
(2474, 16, 2474),
(2475, 16, 2475),
(2476, 16, 2476),
(2477, 16, 2477),
(2478, 16, 2478),
(2479, 17, 2479),
(2480, 17, 2480),
(2481, 17, 2481),
(2482, 17, 2482),
(2483, 17, 2483),
(2484, 17, 2484),
(2485, 18, 2485),
(2486, 18, 2486),
(2487, 18, 2487),
(2488, 18, 2488),
(2489, 18, 2489),
(2490, 19, 2490),
(2491, 19, 2491),
(2492, 19, 2492),
(2493, 19, 2493),
(2494, 19, 2494),
(2495, 20, 2495),
(2496, 20, 2496),
(2497, 20, 2497),
(2498, 20, 2498),
(2499, 20, 2499),
(2500, 21, 2500),
(2501, 21, 2501),
(2502, 21, 2502),
(2503, 21, 2503),
(2504, 22, 2504),
(2505, 22, 2505),
(2506, 22, 2506),
(2507, 22, 2507),
(2508, 22, 2508),
(2509, 22, 2509),
(2510, 23, 2510),
(2511, 23, 2511),
(2512, 23, 2512),
(2513, 23, 2513),
(2514, 24, 2514),
(2515, 24, 2515),
(2516, 24, 2516),
(2517, 24, 2517),
(2518, 25, 2518),
(2519, 25, 2519),
(2520, 25, 2520),
(2521, 25, 2521),
(2522, 25, 2522),
(2523, 25, 2523),
(2524, 26, 2524),
(2525, 26, 2525),
(2526, 26, 2526),
(2527, 26, 2527),
(2528, 26, 2528),
(2529, 27, 2529),
(2530, 27, 2530),
(2531, 27, 2531),
(2532, 27, 2532),
(2533, 28, 2533),
(2534, 28, 2534),
(2535, 28, 2535),
(2536, 28, 2536),
(2537, 28, 2537),
(2538, 29, 2538),
(2539, 29, 2539),
(2540, 29, 2540),
(2541, 29, 2541),
(2542, 29, 2542),
(2543, 29, 2543),
(2544, 30, 2544),
(2545, 30, 2545),
(2546, 30, 2546),
(2547, 30, 2547),
(2548, 30, 2548),
(2549, 31, 2549),
(2550, 31, 2550),
(2551, 31, 2551),
(2552, 31, 2552),
(2553, 32, 2553),
(2554, 32, 2554),
(2555, 32, 2555),
(2556, 32, 2556),
(2557, 33, 2557),
(2558, 33, 2558),
(2559, 33, 2559),
(2560, 33, 2560),
(2561, 34, 2561),
(2562, 34, 2562),
(2563, 34, 2563),
(2564, 34, 2564),
(2565, 35, 2565),
(2566, 35, 2566),
(2567, 35, 2567),
(2568, 35, 2568),
(2569, 35, 2569),
(2570, 36, 2570),
(2571, 36, 2571),
(2572, 36, 2572),
(2573, 36, 2573),
(2574, 36, 2574),
(2575, 37, 2575),
(2576, 37, 2576),
(2577, 37, 2577),
(2578, 37, 2578),
(2579, 37, 2579),
(2580, 37, 2580),
(2581, 38, 2581),
(2582, 38, 2582),
(2583, 38, 2583),
(2584, 38, 2584),
(2585, 38, 2585),
(2586, 38, 2586),
(2587, 39, 2587),
(2588, 39, 2588),
(2589, 39, 2589),
(2590, 39, 2590),
(2591, 40, 2591),
(2592, 40, 2592),
(2593, 40, 2593),
(2594, 40, 2594),
(2595, 41, 2595),
(2596, 41, 2596),
(2597, 41, 2597),
(2598, 41, 2598),
(2599, 42, 2599),
(2600, 42, 2600),
(2601, 42, 2601),
(2602, 42, 2602),
(2603, 42, 2603),
(2604, 42, 2604),
(2605, 43, 2605),
(2606, 43, 2606),
(2607, 43, 2607),
(2608, 43, 2608),
(2609, 43, 2609),
(2610, 44, 2610),
(2611, 44, 2611),
(2612, 44, 2612),
(2613, 44, 2613),
(2614, 44, 2614),
(2615, 44, 2615),
(2616, 45, 2616),
(2617, 45, 2617),
(2618, 45, 2618),
(2619, 45, 2619),
(2620, 45, 2620),
(2621, 46, 2621),
(2622, 46, 2622),
(2623, 46, 2623),
(2624, 46, 2624),
(2625, 46, 2625),
(2626, 47, 2626),
(2627, 47, 2627),
(2628, 47, 2628),
(2629, 47, 2629),
(2630, 48, 2630),
(2631, 48, 2631),
(2632, 48, 2632),
(2633, 48, 2633),
(2634, 48, 2634),
(2635, 49, 2635),
(2636, 49, 2636),
(2637, 49, 2637),
(2638, 49, 2638),
(2639, 49, 2639),
(2640, 49, 2640),
(2641, 50, 2641),
(2642, 50, 2642),
(2643, 50, 2643),
(2644, 50, 2644),
(2645, 50, 2645),
(2646, 51, 2646),
(2647, 51, 2647),
(2648, 51, 2648),
(2649, 51, 2649),
(2650, 51, 2650),
(2651, 52, 2651),
(2652, 52, 2652),
(2653, 52, 2653),
(2654, 52, 2654),
(2655, 52, 2655),
(2656, 52, 2656),
(2657, 53, 2657),
(2658, 53, 2658),
(2659, 53, 2659),
(2660, 53, 2660),
(2661, 53, 2661),
(2662, 53, 2662),
(2663, 54, 2663),
(2664, 54, 2664),
(2665, 54, 2665),
(2666, 54, 2666),
(2667, 54, 2667),
(2668, 55, 2668),
(2669, 55, 2669),
(2670, 55, 2670),
(2671, 55, 2671),
(2672, 56, 2672),
(2673, 56, 2673),
(2674, 56, 2674),
(2675, 56, 2675),
(2676, 57, 2676),
(2677, 57, 2677),
(2678, 57, 2678),
(2679, 57, 2679),
(2680, 58, 2680),
(2681, 58, 2681),
(2682, 58, 2682),
(2683, 58, 2683),
(2684, 58, 2684),
(2685, 58, 2685),
(2686, 59, 2686),
(2687, 59, 2687),
(2688, 59, 2688),
(2689, 59, 2689),
(2690, 60, 2690),
(2691, 60, 2691),
(2692, 60, 2692),
(2693, 60, 2693),
(2694, 60, 2694),
(2695, 60, 2695),
(2696, 1, 2696),
(2697, 1, 2697),
(2698, 1, 2698),
(2699, 1, 2699),
(2700, 1, 2700),
(2701, 2, 2701),
(2702, 2, 2702),
(2703, 2, 2703),
(2704, 2, 2704),
(2705, 3, 2705),
(2706, 3, 2706),
(2707, 3, 2707),
(2708, 3, 2708),
(2709, 3, 2709),
(2710, 3, 2710),
(2711, 4, 2711),
(2712, 4, 2712),
(2713, 4, 2713),
(2714, 4, 2714),
(2715, 4, 2715),
(2716, 5, 2716),
(2717, 5, 2717),
(2718, 5, 2718),
(2719, 5, 2719),
(2720, 5, 2720),
(2721, 6, 2721),
(2722, 6, 2722),
(2723, 6, 2723),
(2724, 6, 2724),
(2725, 6, 2725),
(2726, 6, 2726),
(2727, 7, 2727),
(2728, 7, 2728),
(2729, 7, 2729),
(2730, 7, 2730),
(2731, 7, 2731),
(2732, 8, 2732),
(2733, 8, 2733),
(2734, 8, 2734),
(2735, 8, 2735),
(2736, 9, 2736),
(2737, 9, 2737),
(2738, 9, 2738),
(2739, 9, 2739),
(2740, 9, 2740),
(2741, 9, 2741),
(2742, 10, 2742),
(2743, 10, 2743),
(2744, 10, 2744),
(2745, 10, 2745),
(2746, 10, 2746),
(2747, 11, 2747),
(2748, 11, 2748),
(2749, 11, 2749),
(2750, 11, 2750),
(2751, 11, 2751),
(2752, 11, 2752),
(2753, 12, 2753),
(2754, 12, 2754),
(2755, 12, 2755),
(2756, 12, 2756),
(2757, 12, 2757),
(2758, 13, 2758),
(2759, 13, 2759),
(2760, 13, 2760),
(2761, 13, 2761),
(2762, 13, 2762),
(2763, 13, 2763),
(2764, 14, 2764),
(2765, 14, 2765),
(2766, 14, 2766),
(2767, 14, 2767),
(2768, 15, 2768),
(2769, 15, 2769),
(2770, 15, 2770),
(2771, 15, 2771),
(2772, 15, 2772),
(2773, 15, 2773),
(2774, 16, 2774),
(2775, 16, 2775),
(2776, 16, 2776),
(2777, 16, 2777),
(2778, 17, 2778),
(2779, 17, 2779),
(2780, 17, 2780),
(2781, 17, 2781),
(2782, 17, 2782),
(2783, 18, 2783),
(2784, 18, 2784),
(2785, 18, 2785),
(2786, 18, 2786),
(2787, 18, 2787),
(2788, 18, 2788),
(2789, 19, 2789),
(2790, 19, 2790),
(2791, 19, 2791),
(2792, 19, 2792),
(2793, 19, 2793),
(2794, 19, 2794),
(2795, 20, 2795),
(2796, 20, 2796),
(2797, 20, 2797),
(2798, 20, 2798),
(2799, 21, 2799),
(2800, 21, 2800),
(2801, 21, 2801),
(2802, 21, 2802),
(2803, 22, 2803),
(2804, 22, 2804),
(2805, 22, 2805),
(2806, 22, 2806),
(2807, 22, 2807),
(2808, 23, 2808),
(2809, 23, 2809),
(2810, 23, 2810),
(2811, 23, 2811),
(2812, 23, 2812),
(2813, 24, 2813),
(2814, 24, 2814),
(2815, 24, 2815),
(2816, 24, 2816),
(2817, 24, 2817),
(2818, 24, 2818),
(2819, 25, 2819),
(2820, 25, 2820),
(2821, 25, 2821),
(2822, 25, 2822),
(2823, 25, 2823),
(2824, 26, 2824),
(2825, 26, 2825),
(2826, 26, 2826),
(2827, 26, 2827),
(2828, 27, 2828),
(2829, 27, 2829),
(2830, 27, 2830),
(2831, 27, 2831),
(2832, 28, 2832),
(2833, 28, 2833),
(2834, 28, 2834),
(2835, 28, 2835),
(2836, 28, 2836),
(2837, 28, 2837),
(2838, 29, 2838),
(2839, 29, 2839),
(2840, 29, 2840),
(2841, 29, 2841),
(2842, 29, 2842),
(2843, 29, 2843),
(2844, 30, 2844),
(2845, 30, 2845),
(2846, 30, 2846),
(2847, 30, 2847),
(2848, 30, 2848),
(2849, 31, 2849),
(2850, 31, 2850),
(2851, 31, 2851),
(2852, 31, 2852),
(2853, 32, 2853),
(2854, 32, 2854),
(2855, 32, 2855),
(2856, 32, 2856),
(2857, 32, 2857),
(2858, 33, 2858),
(2859, 33, 2859),
(2860, 33, 2860),
(2861, 33, 2861),
(2862, 33, 2862),
(2863, 33, 2863),
(2864, 34, 2864),
(2865, 34, 2865),
(2866, 34, 2866),
(2867, 34, 2867),
(2868, 35, 2868),
(2869, 35, 2869),
(2870, 35, 2870),
(2871, 35, 2871),
(2872, 35, 2872),
(2873, 36, 2873),
(2874, 36, 2874),
(2875, 36, 2875),
(2876, 36, 2876),
(2877, 36, 2877),
(2878, 37, 2878),
(2879, 37, 2879),
(2880, 37, 2880),
(2881, 37, 2881),
(2882, 37, 2882),
(2883, 37, 2883),
(2884, 38, 2884),
(2885, 38, 2885),
(2886, 38, 2886),
(2887, 38, 2887),
(2888, 38, 2888),
(2889, 38, 2889),
(2890, 39, 2890),
(2891, 39, 2891),
(2892, 39, 2892),
(2893, 39, 2893),
(2894, 39, 2894),
(2895, 40, 2895),
(2896, 40, 2896),
(2897, 40, 2897),
(2898, 40, 2898),
(2899, 41, 2899),
(2900, 41, 2900),
(2901, 41, 2901),
(2902, 41, 2902),
(2903, 42, 2903),
(2904, 42, 2904),
(2905, 42, 2905),
(2906, 42, 2906),
(2907, 42, 2907),
(2908, 43, 2908),
(2909, 43, 2909),
(2910, 43, 2910),
(2911, 43, 2911),
(2912, 44, 2912),
(2913, 44, 2913),
(2914, 44, 2914),
(2915, 44, 2915),
(2916, 44, 2916),
(2917, 45, 2917),
(2918, 45, 2918),
(2919, 45, 2919),
(2920, 45, 2920),
(2921, 46, 2921),
(2922, 46, 2922),
(2923, 46, 2923),
(2924, 46, 2924),
(2925, 47, 2925),
(2926, 47, 2926),
(2927, 47, 2927),
(2928, 47, 2928),
(2929, 47, 2929),
(2930, 48, 2930),
(2931, 48, 2931),
(2932, 48, 2932),
(2933, 48, 2933),
(2934, 48, 2934),
(2935, 49, 2935),
(2936, 49, 2936),
(2937, 49, 2937),
(2938, 49, 2938),
(2939, 50, 2939),
(2940, 50, 2940),
(2941, 50, 2941),
(2942, 50, 2942),
(2943, 51, 2943),
(2944, 51, 2944),
(2945, 51, 2945),
(2946, 51, 2946),
(2947, 52, 2947),
(2948, 52, 2948),
(2949, 52, 2949),
(2950, 52, 2950),
(2951, 53, 2951),
(2952, 53, 2952),
(2953, 53, 2953),
(2954, 53, 2954),
(2955, 54, 2955),
(2956, 54, 2956),
(2957, 54, 2957),
(2958, 54, 2958),
(2959, 54, 2959),
(2960, 54, 2960),
(2961, 55, 2961),
(2962, 55, 2962),
(2963, 55, 2963),
(2964, 55, 2964),
(2965, 56, 2965),
(2966, 56, 2966),
(2967, 56, 2967),
(2968, 56, 2968),
(2969, 56, 2969),
(2970, 57, 2970),
(2971, 57, 2971),
(2972, 57, 2972),
(2973, 57, 2973),
(2974, 57, 2974),
(2975, 58, 2975),
(2976, 58, 2976),
(2977, 58, 2977),
(2978, 58, 2978),
(2979, 59, 2979),
(2980, 59, 2980),
(2981, 59, 2981),
(2982, 59, 2982),
(2983, 59, 2983),
(2984, 59, 2984),
(2985, 60, 2985),
(2986, 60, 2986),
(2987, 60, 2987),
(2988, 60, 2988),
(2989, 1, 2989),
(2990, 1, 2990),
(2991, 1, 2991),
(2992, 1, 2992),
(2993, 1, 2993),
(2994, 2, 2994),
(2995, 2, 2995),
(2996, 2, 2996),
(2997, 2, 2997),
(2998, 2, 2998),
(2999, 3, 2999),
(3000, 3, 3000),
(3001, 3, 3001),
(3002, 3, 3002),
(3003, 4, 3003),
(3004, 4, 3004),
(3005, 4, 3005),
(3006, 4, 3006),
(3007, 4, 3007),
(3008, 4, 3008),
(3009, 5, 3009),
(3010, 5, 3010),
(3011, 5, 3011),
(3012, 5, 3012),
(3013, 6, 3013),
(3014, 6, 3014),
(3015, 6, 3015),
(3016, 6, 3016),
(3017, 6, 3017),
(3018, 6, 3018),
(3019, 7, 3019),
(3020, 7, 3020),
(3021, 7, 3021),
(3022, 7, 3022),
(3023, 7, 3023),
(3024, 8, 3024),
(3025, 8, 3025),
(3026, 8, 3026),
(3027, 8, 3027),
(3028, 9, 3028),
(3029, 9, 3029),
(3030, 9, 3030),
(3031, 9, 3031),
(3032, 10, 3032),
(3033, 10, 3033),
(3034, 10, 3034),
(3035, 10, 3035),
(3036, 10, 3036),
(3037, 11, 3037),
(3038, 11, 3038),
(3039, 11, 3039),
(3040, 11, 3040),
(3041, 11, 3041),
(3042, 11, 3042),
(3043, 12, 3043),
(3044, 12, 3044),
(3045, 12, 3045),
(3046, 12, 3046),
(3047, 13, 3047),
(3048, 13, 3048),
(3049, 13, 3049),
(3050, 13, 3050),
(3051, 14, 3051),
(3052, 14, 3052),
(3053, 14, 3053),
(3054, 14, 3054),
(3055, 15, 3055),
(3056, 15, 3056),
(3057, 15, 3057),
(3058, 15, 3058),
(3059, 15, 3059),
(3060, 15, 3060),
(3061, 16, 3061),
(3062, 16, 3062),
(3063, 16, 3063),
(3064, 16, 3064),
(3065, 17, 3065),
(3066, 17, 3066),
(3067, 17, 3067),
(3068, 17, 3068),
(3069, 17, 3069),
(3070, 17, 3070),
(3071, 18, 3071),
(3072, 18, 3072),
(3073, 18, 3073),
(3074, 18, 3074),
(3075, 18, 3075),
(3076, 19, 3076),
(3077, 19, 3077),
(3078, 19, 3078),
(3079, 19, 3079),
(3080, 20, 3080),
(3081, 20, 3081),
(3082, 20, 3082),
(3083, 20, 3083),
(3084, 20, 3084),
(3085, 20, 3085),
(3086, 21, 3086),
(3087, 21, 3087),
(3088, 21, 3088),
(3089, 21, 3089),
(3090, 22, 3090),
(3091, 22, 3091),
(3092, 22, 3092),
(3093, 22, 3093),
(3094, 22, 3094),
(3095, 22, 3095),
(3096, 23, 3096),
(3097, 23, 3097),
(3098, 23, 3098),
(3099, 23, 3099),
(3100, 23, 3100),
(3101, 24, 3101),
(3102, 24, 3102),
(3103, 24, 3103),
(3104, 24, 3104),
(3105, 24, 3105),
(3106, 24, 3106),
(3107, 25, 3107),
(3108, 25, 3108),
(3109, 25, 3109),
(3110, 25, 3110),
(3111, 26, 3111),
(3112, 26, 3112),
(3113, 26, 3113),
(3114, 26, 3114),
(3115, 26, 3115),
(3116, 27, 3116),
(3117, 27, 3117),
(3118, 27, 3118),
(3119, 27, 3119),
(3120, 28, 3120),
(3121, 28, 3121),
(3122, 28, 3122),
(3123, 28, 3123),
(3124, 28, 3124),
(3125, 29, 3125),
(3126, 29, 3126),
(3127, 29, 3127),
(3128, 29, 3128),
(3129, 29, 3129),
(3130, 30, 3130),
(3131, 30, 3131),
(3132, 30, 3132),
(3133, 30, 3133),
(3134, 31, 3134),
(3135, 31, 3135),
(3136, 31, 3136),
(3137, 31, 3137),
(3138, 32, 3138),
(3139, 32, 3139),
(3140, 32, 3140),
(3141, 32, 3141),
(3142, 32, 3142),
(3143, 32, 3143),
(3144, 33, 3144),
(3145, 33, 3145),
(3146, 33, 3146),
(3147, 33, 3147),
(3148, 34, 3148),
(3149, 34, 3149),
(3150, 34, 3150),
(3151, 34, 3151),
(3152, 35, 3152),
(3153, 35, 3153),
(3154, 35, 3154),
(3155, 35, 3155),
(3156, 35, 3156),
(3157, 35, 3157),
(3158, 36, 3158),
(3159, 36, 3159),
(3160, 36, 3160),
(3161, 36, 3161),
(3162, 37, 3162),
(3163, 37, 3163),
(3164, 37, 3164),
(3165, 37, 3165),
(3166, 37, 3166),
(3167, 37, 3167),
(3168, 38, 3168),
(3169, 38, 3169),
(3170, 38, 3170),
(3171, 38, 3171),
(3172, 38, 3172),
(3173, 38, 3173),
(3174, 39, 3174),
(3175, 39, 3175),
(3176, 39, 3176),
(3177, 39, 3177),
(3178, 40, 3178),
(3179, 40, 3179),
(3180, 40, 3180),
(3181, 40, 3181),
(3182, 40, 3182),
(3183, 40, 3183),
(3184, 41, 3184),
(3185, 41, 3185),
(3186, 41, 3186),
(3187, 41, 3187),
(3188, 41, 3188),
(3189, 42, 3189),
(3190, 42, 3190),
(3191, 42, 3191),
(3192, 42, 3192),
(3193, 43, 3193),
(3194, 43, 3194),
(3195, 43, 3195),
(3196, 43, 3196),
(3197, 43, 3197),
(3198, 43, 3198),
(3199, 44, 3199),
(3200, 44, 3200),
(3201, 44, 3201),
(3202, 44, 3202),
(3203, 45, 3203),
(3204, 45, 3204),
(3205, 45, 3205),
(3206, 45, 3206),
(3207, 45, 3207),
(3208, 46, 3208),
(3209, 46, 3209),
(3210, 46, 3210),
(3211, 46, 3211),
(3212, 47, 3212),
(3213, 47, 3213),
(3214, 47, 3214),
(3215, 47, 3215),
(3216, 48, 3216),
(3217, 48, 3217),
(3218, 48, 3218),
(3219, 48, 3219),
(3220, 48, 3220),
(3221, 49, 3221),
(3222, 49, 3222),
(3223, 49, 3223),
(3224, 49, 3224),
(3225, 50, 3225),
(3226, 50, 3226),
(3227, 50, 3227),
(3228, 50, 3228),
(3229, 51, 3229),
(3230, 51, 3230),
(3231, 51, 3231),
(3232, 51, 3232),
(3233, 51, 3233),
(3234, 51, 3234),
(3235, 52, 3235),
(3236, 52, 3236),
(3237, 52, 3237),
(3238, 52, 3238),
(3239, 52, 3239),
(3240, 52, 3240),
(3241, 53, 3241),
(3242, 53, 3242),
(3243, 53, 3243),
(3244, 53, 3244),
(3245, 53, 3245),
(3246, 53, 3246),
(3247, 54, 3247),
(3248, 54, 3248),
(3249, 54, 3249),
(3250, 54, 3250),
(3251, 55, 3251),
(3252, 55, 3252),
(3253, 55, 3253),
(3254, 55, 3254),
(3255, 56, 3255),
(3256, 56, 3256),
(3257, 56, 3257),
(3258, 56, 3258),
(3259, 56, 3259),
(3260, 56, 3260),
(3261, 57, 3261),
(3262, 57, 3262),
(3263, 57, 3263),
(3264, 57, 3264),
(3265, 58, 3265),
(3266, 58, 3266),
(3267, 58, 3267),
(3268, 58, 3268),
(3269, 58, 3269),
(3270, 58, 3270),
(3271, 59, 3271),
(3272, 59, 3272),
(3273, 59, 3273),
(3274, 59, 3274),
(3275, 59, 3275),
(3276, 60, 3276),
(3277, 60, 3277),
(3278, 60, 3278),
(3279, 60, 3279),
(3280, 1, 3280),
(3281, 1, 3281),
(3282, 1, 3282),
(3283, 1, 3283),
(3284, 1, 3284),
(3285, 2, 3285),
(3286, 2, 3286),
(3287, 2, 3287),
(3288, 2, 3288),
(3289, 2, 3289),
(3290, 2, 3290),
(3291, 3, 3291),
(3292, 3, 3292),
(3293, 3, 3293),
(3294, 3, 3294),
(3295, 4, 3295),
(3296, 4, 3296),
(3297, 4, 3297),
(3298, 4, 3298),
(3299, 4, 3299),
(3300, 4, 3300),
(3301, 5, 3301),
(3302, 5, 3302),
(3303, 5, 3303),
(3304, 5, 3304),
(3305, 5, 3305),
(3306, 6, 3306),
(3307, 6, 3307),
(3308, 6, 3308),
(3309, 6, 3309),
(3310, 7, 3310),
(3311, 7, 3311),
(3312, 7, 3312),
(3313, 7, 3313),
(3314, 7, 3314),
(3315, 8, 3315),
(3316, 8, 3316),
(3317, 8, 3317),
(3318, 8, 3318),
(3319, 8, 3319),
(3320, 8, 3320),
(3321, 9, 3321),
(3322, 9, 3322),
(3323, 9, 3323),
(3324, 9, 3324),
(3325, 9, 3325),
(3326, 9, 3326),
(3327, 10, 3327),
(3328, 10, 3328),
(3329, 10, 3329),
(3330, 10, 3330),
(3331, 10, 3331),
(3332, 11, 3332),
(3333, 11, 3333),
(3334, 11, 3334),
(3335, 11, 3335),
(3336, 11, 3336),
(3337, 12, 3337),
(3338, 12, 3338),
(3339, 12, 3339),
(3340, 12, 3340),
(3341, 12, 3341),
(3342, 12, 3342),
(3343, 13, 3343),
(3344, 13, 3344),
(3345, 13, 3345),
(3346, 13, 3346),
(3347, 14, 3347),
(3348, 14, 3348),
(3349, 14, 3349),
(3350, 14, 3350),
(3351, 14, 3351),
(3352, 14, 3352),
(3353, 15, 3353),
(3354, 15, 3354),
(3355, 15, 3355),
(3356, 15, 3356),
(3357, 15, 3357),
(3358, 16, 3358),
(3359, 16, 3359),
(3360, 16, 3360),
(3361, 16, 3361),
(3362, 16, 3362),
(3363, 16, 3363),
(3364, 17, 3364),
(3365, 17, 3365),
(3366, 17, 3366),
(3367, 17, 3367),
(3368, 17, 3368),
(3369, 17, 3369),
(3370, 18, 3370),
(3371, 18, 3371),
(3372, 18, 3372),
(3373, 18, 3373),
(3374, 18, 3374),
(3375, 19, 3375),
(3376, 19, 3376),
(3377, 19, 3377),
(3378, 19, 3378),
(3379, 19, 3379),
(3380, 19, 3380),
(3381, 20, 3381),
(3382, 20, 3382),
(3383, 20, 3383),
(3384, 20, 3384),
(3385, 21, 3385),
(3386, 21, 3386),
(3387, 21, 3387),
(3388, 21, 3388),
(3389, 21, 3389),
(3390, 22, 3390),
(3391, 22, 3391),
(3392, 22, 3392),
(3393, 22, 3393),
(3394, 22, 3394),
(3395, 22, 3395),
(3396, 23, 3396),
(3397, 23, 3397),
(3398, 23, 3398),
(3399, 23, 3399),
(3400, 23, 3400),
(3401, 24, 3401),
(3402, 24, 3402),
(3403, 24, 3403),
(3404, 24, 3404),
(3405, 25, 3405),
(3406, 25, 3406),
(3407, 25, 3407),
(3408, 25, 3408),
(3409, 25, 3409),
(3410, 25, 3410),
(3411, 26, 3411),
(3412, 26, 3412),
(3413, 26, 3413),
(3414, 26, 3414),
(3415, 26, 3415),
(3416, 26, 3416),
(3417, 27, 3417),
(3418, 27, 3418),
(3419, 27, 3419),
(3420, 27, 3420),
(3421, 27, 3421),
(3422, 27, 3422),
(3423, 28, 3423),
(3424, 28, 3424),
(3425, 28, 3425),
(3426, 28, 3426),
(3427, 28, 3427),
(3428, 28, 3428),
(3429, 29, 3429),
(3430, 29, 3430),
(3431, 29, 3431),
(3432, 29, 3432),
(3433, 29, 3433),
(3434, 29, 3434),
(3435, 30, 3435),
(3436, 30, 3436),
(3437, 30, 3437),
(3438, 30, 3438),
(3439, 31, 3439),
(3440, 31, 3440),
(3441, 31, 3441),
(3442, 31, 3442),
(3443, 31, 3443),
(3444, 32, 3444),
(3445, 32, 3445),
(3446, 32, 3446),
(3447, 32, 3447),
(3448, 32, 3448),
(3449, 32, 3449),
(3450, 33, 3450),
(3451, 33, 3451),
(3452, 33, 3452),
(3453, 33, 3453),
(3454, 34, 3454),
(3455, 34, 3455),
(3456, 34, 3456),
(3457, 34, 3457),
(3458, 34, 3458),
(3459, 35, 3459),
(3460, 35, 3460),
(3461, 35, 3461),
(3462, 35, 3462),
(3463, 35, 3463),
(3464, 36, 3464),
(3465, 36, 3465),
(3466, 36, 3466),
(3467, 36, 3467),
(3468, 36, 3468),
(3469, 36, 3469),
(3470, 37, 3470),
(3471, 37, 3471),
(3472, 37, 3472),
(3473, 37, 3473),
(3474, 38, 3474),
(3475, 38, 3475),
(3476, 38, 3476),
(3477, 38, 3477),
(3478, 38, 3478),
(3479, 39, 3479),
(3480, 39, 3480),
(3481, 39, 3481),
(3482, 39, 3482),
(3483, 40, 3483),
(3484, 40, 3484),
(3485, 40, 3485),
(3486, 40, 3486),
(3487, 40, 3487),
(3488, 40, 3488),
(3489, 41, 3489),
(3490, 41, 3490),
(3491, 41, 3491),
(3492, 41, 3492),
(3493, 41, 3493),
(3494, 42, 3494),
(3495, 42, 3495),
(3496, 42, 3496),
(3497, 42, 3497),
(3498, 42, 3498),
(3499, 43, 3499),
(3500, 43, 3500),
(3501, 43, 3501),
(3502, 43, 3502),
(3503, 43, 3503),
(3504, 44, 3504),
(3505, 44, 3505),
(3506, 44, 3506),
(3507, 44, 3507),
(3508, 45, 3508),
(3509, 45, 3509),
(3510, 45, 3510),
(3511, 45, 3511),
(3512, 46, 3512),
(3513, 46, 3513),
(3514, 46, 3514),
(3515, 46, 3515),
(3516, 46, 3516),
(3517, 47, 3517),
(3518, 47, 3518),
(3519, 47, 3519),
(3520, 47, 3520),
(3521, 48, 3521),
(3522, 48, 3522),
(3523, 48, 3523),
(3524, 48, 3524),
(3525, 49, 3525),
(3526, 49, 3526),
(3527, 49, 3527),
(3528, 49, 3528),
(3529, 50, 3529),
(3530, 50, 3530),
(3531, 50, 3531),
(3532, 50, 3532),
(3533, 51, 3533),
(3534, 51, 3534),
(3535, 51, 3535),
(3536, 51, 3536),
(3537, 52, 3537),
(3538, 52, 3538),
(3539, 52, 3539),
(3540, 52, 3540),
(3541, 53, 3541),
(3542, 53, 3542),
(3543, 53, 3543),
(3544, 53, 3544),
(3545, 54, 3545),
(3546, 54, 3546),
(3547, 54, 3547),
(3548, 54, 3548),
(3549, 55, 3549),
(3550, 55, 3550),
(3551, 55, 3551),
(3552, 55, 3552),
(3553, 56, 3553),
(3554, 56, 3554),
(3555, 56, 3555),
(3556, 56, 3556),
(3557, 57, 3557),
(3558, 57, 3558),
(3559, 57, 3559),
(3560, 57, 3560),
(3561, 57, 3561),
(3562, 57, 3562),
(3563, 58, 3563),
(3564, 58, 3564),
(3565, 58, 3565),
(3566, 58, 3566),
(3567, 58, 3567),
(3568, 58, 3568),
(3569, 59, 3569),
(3570, 59, 3570),
(3571, 59, 3571),
(3572, 59, 3572),
(3573, 59, 3573),
(3574, 60, 3574),
(3575, 60, 3575),
(3576, 60, 3576),
(3577, 60, 3577),
(3578, 60, 3578);
SELECT * FROM GroupsLectures;



CREATE TABLE GroupsStudents
(
	Id INT NOT NULL AUTO_INCREMENT PRIMARY KEY,
	GroupId int NOT NULL,
	StudentId int NOT NULL
);
INSERT INTO GroupsStudents VALUES
(1, 1, 1),
(2, 1, 2),
(3, 1, 3),
(4, 1, 4),
(5, 1, 5),
(6, 1, 6),
(7, 1, 7),
(8, 2, 8),
(9, 2, 9),
(10, 2, 10),
(11, 2, 11),
(12, 2, 12),
(13, 2, 13),
(14, 3, 14),
(15, 3, 15),
(16, 3, 16),
(17, 3, 17),
(18, 3, 18),
(19, 3, 19),
(20, 3, 20),
(21, 3, 21),
(22, 3, 22),
(23, 3, 23),
(24, 4, 24),
(25, 4, 25),
(26, 4, 26),
(27, 4, 27),
(28, 4, 28),
(29, 4, 29),
(30, 4, 30),
(31, 4, 31),
(32, 4, 32),
(33, 4, 33),
(34, 5, 34),
(35, 5, 35),
(36, 5, 36),
(37, 5, 37),
(38, 5, 38),
(39, 5, 39),
(40, 5, 40),
(41, 5, 41),
(42, 6, 42),
(43, 6, 43),
(44, 6, 44),
(45, 6, 45),
(46, 6, 46),
(47, 6, 47),
(48, 6, 48),
(49, 6, 49),
(50, 6, 50),
(51, 7, 51),
(52, 7, 52),
(53, 7, 53),
(54, 7, 54),
(55, 7, 55),
(56, 7, 56),
(57, 7, 57),
(58, 7, 58),
(59, 7, 59),
(60, 7, 60),
(61, 8, 61),
(62, 8, 62),
(63, 8, 63),
(64, 8, 64),
(65, 8, 65),
(66, 8, 66),
(67, 8, 67),
(68, 9, 68),
(69, 9, 69),
(70, 9, 70),
(71, 9, 71),
(72, 9, 72),
(73, 9, 73),
(74, 9, 74),
(75, 9, 75),
(76, 10, 76),
(77, 10, 77),
(78, 10, 78),
(79, 10, 79),
(80, 10, 80),
(81, 10, 81),
(82, 10, 82),
(83, 10, 83),
(84, 11, 84),
(85, 11, 85),
(86, 11, 86),
(87, 11, 87),
(88, 11, 88),
(89, 11, 89),
(90, 11, 90),
(91, 12, 91),
(92, 12, 92),
(93, 12, 93),
(94, 12, 94),
(95, 12, 95),
(96, 12, 96),
(97, 12, 97),
(98, 12, 98),
(99, 13, 99),
(100, 13, 100),
(101, 13, 101),
(102, 13, 102),
(103, 13, 103),
(104, 13, 104),
(105, 13, 105),
(106, 13, 106),
(107, 14, 107),
(108, 14, 108),
(109, 14, 109),
(110, 14, 110),
(111, 14, 111),
(112, 14, 112),
(113, 14, 113),
(114, 15, 114),
(115, 15, 115),
(116, 15, 116),
(117, 15, 117),
(118, 15, 118),
(119, 15, 119),
(120, 15, 120),
(121, 15, 121),
(122, 15, 122),
(123, 16, 123),
(124, 16, 124),
(125, 16, 125),
(126, 16, 126),
(127, 16, 127),
(128, 16, 128),
(129, 16, 129),
(130, 16, 130),
(131, 17, 131),
(132, 17, 132),
(133, 17, 133),
(134, 17, 134),
(135, 17, 135),
(136, 17, 136),
(137, 17, 137),
(138, 17, 138),
(139, 18, 139),
(140, 18, 140),
(141, 18, 141),
(142, 18, 142),
(143, 18, 143),
(144, 18, 144),
(145, 19, 145),
(146, 19, 146),
(147, 19, 147),
(148, 19, 148),
(149, 19, 149),
(150, 19, 150),
(151, 19, 151),
(152, 19, 152),
(153, 19, 153),
(154, 19, 154),
(155, 20, 155),
(156, 20, 156),
(157, 20, 157),
(158, 20, 158),
(159, 20, 159),
(160, 20, 160),
(161, 20, 161),
(162, 20, 162),
(163, 21, 163),
(164, 21, 164),
(165, 21, 165),
(166, 21, 166),
(167, 21, 167),
(168, 21, 168),
(169, 21, 169),
(170, 22, 170),
(171, 22, 171),
(172, 22, 172),
(173, 22, 173),
(174, 22, 174),
(175, 22, 175),
(176, 22, 176),
(177, 23, 177),
(178, 23, 178),
(179, 23, 179),
(180, 23, 180),
(181, 23, 181),
(182, 23, 182),
(183, 23, 183),
(184, 23, 184),
(185, 23, 185),
(186, 23, 186),
(187, 24, 187),
(188, 24, 188),
(189, 24, 189),
(190, 24, 190),
(191, 24, 191),
(192, 24, 192),
(193, 25, 193),
(194, 25, 194),
(195, 25, 195),
(196, 25, 196),
(197, 25, 197),
(198, 25, 198),
(199, 25, 199),
(200, 26, 200),
(201, 26, 201),
(202, 26, 202),
(203, 26, 203),
(204, 26, 204),
(205, 26, 205),
(206, 26, 206),
(207, 26, 207),
(208, 27, 208),
(209, 27, 209),
(210, 27, 210),
(211, 27, 211),
(212, 27, 212),
(213, 27, 213),
(214, 27, 214),
(215, 28, 215),
(216, 28, 216),
(217, 28, 217),
(218, 28, 218),
(219, 28, 219),
(220, 28, 220),
(221, 29, 221),
(222, 29, 222),
(223, 29, 223),
(224, 29, 224),
(225, 29, 225),
(226, 29, 226),
(227, 29, 227),
(228, 29, 228),
(229, 30, 229),
(230, 30, 230),
(231, 30, 231),
(232, 30, 232),
(233, 30, 233),
(234, 30, 234),
(235, 30, 235),
(236, 31, 236),
(237, 31, 237),
(238, 31, 238),
(239, 31, 239),
(240, 31, 240),
(241, 31, 241),
(242, 31, 242),
(243, 31, 243),
(244, 31, 244),
(245, 32, 245),
(246, 32, 246),
(247, 32, 247),
(248, 32, 248),
(249, 32, 249),
(250, 32, 250),
(251, 32, 251),
(252, 33, 252),
(253, 33, 253),
(254, 33, 254),
(255, 33, 255),
(256, 33, 256),
(257, 33, 257),
(258, 33, 258),
(259, 33, 259),
(260, 33, 260),
(261, 34, 261),
(262, 34, 262),
(263, 34, 263),
(264, 34, 264),
(265, 34, 265),
(266, 34, 266),
(267, 34, 267),
(268, 34, 268),
(269, 34, 269),
(270, 35, 270),
(271, 35, 271),
(272, 35, 272),
(273, 35, 273),
(274, 35, 274),
(275, 35, 275),
(276, 35, 276),
(277, 35, 277),
(278, 35, 278),
(279, 36, 279),
(280, 36, 280),
(281, 36, 281),
(282, 36, 282),
(283, 36, 283),
(284, 36, 284),
(285, 37, 285),
(286, 37, 286),
(287, 37, 287),
(288, 37, 288),
(289, 37, 289),
(290, 37, 290),
(291, 37, 291),
(292, 38, 292),
(293, 38, 293),
(294, 38, 294),
(295, 38, 295),
(296, 38, 296),
(297, 38, 297),
(298, 38, 298),
(299, 38, 299),
(300, 38, 300),
(301, 38, 301),
(302, 39, 302),
(303, 39, 303),
(304, 39, 304),
(305, 39, 305),
(306, 39, 306),
(307, 39, 307),
(308, 39, 308),
(309, 40, 309),
(310, 40, 310),
(311, 40, 311),
(312, 40, 312),
(313, 40, 313),
(314, 40, 314),
(315, 40, 315),
(316, 40, 316),
(317, 41, 317),
(318, 41, 318),
(319, 41, 319),
(320, 41, 320),
(321, 41, 321),
(322, 41, 322),
(323, 41, 323),
(324, 41, 324),
(325, 41, 325),
(326, 42, 326),
(327, 42, 327),
(328, 42, 328),
(329, 42, 329),
(330, 42, 330),
(331, 42, 331),
(332, 42, 332),
(333, 42, 333),
(334, 42, 334),
(335, 43, 335),
(336, 43, 336),
(337, 43, 337),
(338, 43, 338),
(339, 43, 339),
(340, 43, 340),
(341, 43, 341),
(342, 43, 342),
(343, 43, 343),
(344, 44, 344),
(345, 44, 345),
(346, 44, 346),
(347, 44, 347),
(348, 44, 348),
(349, 44, 349),
(350, 45, 350),
(351, 45, 351),
(352, 45, 352),
(353, 45, 353),
(354, 45, 354),
(355, 45, 355),
(356, 45, 356),
(357, 45, 357),
(358, 45, 358),
(359, 46, 359),
(360, 46, 360),
(361, 46, 361),
(362, 46, 362),
(363, 46, 363),
(364, 46, 364),
(365, 47, 365),
(366, 47, 366),
(367, 47, 367),
(368, 47, 368),
(369, 47, 369),
(370, 47, 370),
(371, 47, 371),
(372, 47, 372),
(373, 47, 373),
(374, 47, 374),
(375, 48, 375),
(376, 48, 376),
(377, 48, 377),
(378, 48, 378),
(379, 48, 379),
(380, 48, 380),
(381, 49, 381),
(382, 49, 382),
(383, 49, 383),
(384, 49, 384),
(385, 49, 385),
(386, 49, 386),
(387, 49, 387),
(388, 49, 388),
(389, 50, 389),
(390, 50, 390),
(391, 50, 391),
(392, 50, 392),
(393, 50, 393),
(394, 50, 394),
(395, 50, 395),
(396, 50, 396),
(397, 50, 397),
(398, 50, 398),
(399, 51, 399),
(400, 51, 400),
(401, 51, 401),
(402, 51, 402),
(403, 51, 403),
(404, 51, 404),
(405, 51, 405),
(406, 51, 406),
(407, 51, 407),
(408, 52, 408),
(409, 52, 409),
(410, 52, 410),
(411, 52, 411),
(412, 52, 412),
(413, 52, 413),
(414, 52, 414),
(415, 52, 415),
(416, 52, 416),
(417, 53, 417),
(418, 53, 418),
(419, 53, 419),
(420, 53, 420),
(421, 53, 421),
(422, 53, 422),
(423, 54, 423),
(424, 54, 424),
(425, 54, 425),
(426, 54, 426),
(427, 54, 427),
(428, 54, 428),
(429, 54, 429),
(430, 54, 430),
(431, 54, 431),
(432, 55, 432),
(433, 55, 433),
(434, 55, 434),
(435, 55, 435),
(436, 55, 436),
(437, 55, 437),
(438, 55, 438),
(439, 55, 439),
(440, 55, 440),
(441, 56, 441),
(442, 56, 442),
(443, 56, 443),
(444, 56, 444),
(445, 56, 445),
(446, 56, 446),
(447, 56, 447),
(448, 56, 448),
(449, 57, 449),
(450, 57, 450),
(451, 57, 451),
(452, 57, 452),
(453, 57, 453),
(454, 57, 454),
(455, 57, 455),
(456, 57, 456),
(457, 58, 457),
(458, 58, 458),
(459, 58, 459),
(460, 58, 460),
(461, 58, 461),
(462, 58, 462),
(463, 59, 463),
(464, 59, 464),
(465, 59, 465),
(466, 59, 466),
(467, 59, 467),
(468, 59, 468),
(469, 59, 469),
(470, 59, 470),
(471, 60, 471),
(472, 60, 472),
(473, 60, 473),
(474, 60, 474),
(475, 60, 475),
(476, 60, 476),
(477, 60, 477),
(478, 60, 478),
(479, 60, 479);
Select * From GroupsStudents;


CREATE TABLE Lectures
(
	Id INT NOT NULL AUTO_INCREMENT PRIMARY KEY,
	LectDate date NOT NULL /*CHECK (LectDate <= SYSDATE())*/ ,
	SubjectId int NOT NULL,
	TeacherId int NOT NULL
);
INSERT INTO Lectures VALUES 
(1, "2022-09-01", 1, 1),
(2, "2022-09-01", 2, 4),
(3, "2022-09-01", 1, 1),
(4, "2022-09-01", 2, 4),
(5, "2022-09-01", 2, 4),
(6, "2022-09-01", 3, 5),
(7, "2022-09-01", 2, 4),
(8, "2022-09-01", 2, 4),
(9, "2022-09-01", 1, 1),
(10, "2022-09-01", 4, 6),
(11, "2022-09-01", 2, 4),
(12, "2022-09-01", 4, 6),
(13, "2022-09-01", 2, 4),
(14, "2022-09-01", 2, 4),
(15, "2022-09-01", 3, 5),
(16, "2022-09-01", 2, 4),
(17, "2022-09-01", 1, 2),
(18, "2022-09-01", 2, 4),
(19, "2022-09-01", 2, 4),
(20, "2022-09-01", 1, 3),
(21, "2022-09-01", 2, 4),
(22, "2022-09-01", 1, 2),
(23, "2022-09-01", 2, 4),
(24, "2022-09-01", 4, 6),
(25, "2022-09-01", 1, 2),
(26, "2022-09-01", 1, 3),
(27, "2022-09-01", 2, 4),
(28, "2022-09-01", 1, 3),
(29, "2022-09-01", 2, 4),
(30, "2022-09-01", 1, 1),
(31, "2022-09-01", 1, 3),
(32, "2022-09-01", 1, 1),
(33, "2022-09-01", 2, 4),
(34, "2022-09-01", 1, 1),
(35, "2022-09-01", 3, 5),
(36, "2022-09-01", 4, 6),
(37, "2022-09-01", 4, 6),
(38, "2022-09-01", 4, 6),
(39, "2022-09-01", 4, 6),
(40, "2022-09-01", 4, 6),
(41, "2022-09-01", 4, 6),
(42, "2022-09-01", 1, 3),
(43, "2022-09-01", 3, 5),
(44, "2022-09-01", 3, 5),
(45, "2022-09-01", 1, 2),
(46, "2022-09-01", 4, 6),
(47, "2022-09-01", 3, 5),
(48, "2022-09-01", 1, 2),
(49, "2022-09-01", 4, 6),
(50, "2022-09-01", 1, 3),
(51, "2022-09-01", 2, 4),
(52, "2022-09-01", 1, 3),
(53, "2022-09-01", 2, 4),
(54, "2022-09-01", 1, 1),
(55, "2022-09-01", 1, 2),
(56, "2022-09-01", 1, 2),
(57, "2022-09-01", 2, 4),
(58, "2022-09-01", 2, 4),
(59, "2022-09-01", 2, 4),
(60, "2022-09-01", 6, 8),
(61, "2022-09-01", 1, 1),
(62, "2022-09-01", 2, 4),
(63, "2022-09-01", 2, 4),
(64, "2022-09-01", 1, 3),
(65, "2022-09-01", 1, 2),
(66, "2022-09-01", 2, 4),
(67, "2022-09-01", 2, 4),
(68, "2022-09-01", 2, 4),
(69, "2022-09-01", 1, 1),
(70, "2022-09-01", 1, 1),
(71, "2022-09-01", 5, 7),
(72, "2022-09-01", 5, 7),
(73, "2022-09-01", 5, 7),
(74, "2022-09-01", 2, 4),
(75, "2022-09-01", 1, 3),
(76, "2022-09-01", 5, 7),
(77, "2022-09-01", 5, 7),
(78, "2022-09-01", 5, 7),
(79, "2022-09-01", 1, 1),
(80, "2022-09-01", 5, 7),
(81, "2022-09-01", 5, 7),
(82, "2022-09-01", 6, 8),
(83, "2022-09-01", 5, 7),
(84, "2022-09-01", 2, 4),
(85, "2022-09-01", 2, 4),
(86, "2022-09-01", 6, 8),
(87, "2022-09-01", 6, 8),
(88, "2022-09-01", 5, 7),
(89, "2022-09-01", 6, 8),
(90, "2022-09-01", 6, 8),
(91, "2022-09-01", 6, 8),
(92, "2022-09-01", 5, 7),
(93, "2022-09-01", 2, 4),
(94, "2022-09-01", 5, 7),
(95, "2022-09-01", 2, 4),
(96, "2022-09-01", 2, 4),
(97, "2022-09-01", 6, 8),
(98, "2022-09-01", 7, 9),
(99, "2022-09-01", 1, 3),
(100, "2022-09-01", 1, 1),
(101, "2022-09-01", 1, 1),
(102, "2022-09-01", 7, 9),
(103, "2022-09-01", 1, 3),
(104, "2022-09-01", 1, 3),
(105, "2022-09-01", 7, 9),
(106, "2022-09-01", 7, 9),
(107, "2022-09-01", 7, 9),
(108, "2022-09-01", 7, 9),
(109, "2022-09-01", 1, 3),
(110, "2022-09-01", 1, 1),
(111, "2022-09-01", 1, 1),
(112, "2022-09-01", 1, 1),
(113, "2022-09-01", 1, 3),
(114, "2022-09-01", 7, 9),
(115, "2022-09-01", 1, 1),
(116, "2022-09-01", 1, 1),
(117, "2022-09-01", 1, 3),
(118, "2022-09-01", 1, 1),
(119, "2022-09-01", 7, 9),
(120, "2022-09-01", 8, 10),
(121, "2022-09-01", 8, 10),
(122, "2022-09-01", 9, 11),
(123, "2022-09-01", 1, 3),
(124, "2022-09-01", 7, 9),
(125, "2022-09-01", 8, 10),
(126, "2022-09-01", 7, 9),
(127, "2022-09-01", 1, 3),
(128, "2022-09-01", 8, 10),
(129, "2022-09-01", 1, 3),
(130, "2022-09-01", 1, 1),
(131, "2022-09-01", 7, 9),
(132, "2022-09-01", 1, 2),
(133, "2022-09-01", 8, 10),
(134, "2022-09-01", 1, 3),
(135, "2022-09-01", 1, 2),
(136, "2022-09-01", 8, 10),
(137, "2022-09-01", 1, 2),
(138, "2022-09-01", 8, 10),
(139, "2022-09-01", 8, 10),
(140, "2022-09-01", 8, 10),
(141, "2022-09-01", 9, 11),
(142, "2022-09-01", 1, 1),
(143, "2022-09-01", 8, 10),
(144, "2022-09-01", 9, 11),
(145, "2022-09-01", 1, 2),
(146, "2022-09-01", 9, 11),
(147, "2022-09-01", 7, 9),
(148, "2022-09-01", 1, 2),
(149, "2022-09-01", 1, 1),
(150, "2022-09-01", 11, 13),
(151, "2022-09-01", 11, 13),
(152, "2022-09-01", 10, 12),
(153, "2022-09-01", 7, 9),
(154, "2022-09-01", 7, 9),
(155, "2022-09-01", 1, 2),
(156, "2022-09-01", 7, 9),
(157, "2022-09-01", 1, 1),
(158, "2022-09-01", 7, 9),
(159, "2022-09-01", 10, 12),
(160, "2022-09-01", 1, 3),
(161, "2022-09-01", 11, 13),
(162, "2022-09-01", 1, 3),
(163, "2022-09-01", 11, 13),
(164, "2022-09-01", 11, 13),
(165, "2022-09-01", 7, 9),
(166, "2022-09-01", 7, 9),
(167, "2022-09-01", 11, 13),
(168, "2022-09-01", 10, 12),
(169, "2022-09-01", 11, 13),
(170, "2022-09-01", 11, 13),
(171, "2022-09-01", 10, 12),
(172, "2022-09-01", 10, 12),
(173, "2022-09-01", 1, 2),
(174, "2022-09-01", 1, 1),
(175, "2022-09-01", 7, 9),
(176, "2022-09-01", 10, 12),
(177, "2022-09-01", 1, 2),
(178, "2022-09-01", 1, 3),
(179, "2022-09-01", 7, 9),
(180, "2022-09-01", 10, 12),
(181, "2022-09-01", 10, 12),
(182, "2022-09-01", 1, 1),
(183, "2022-09-01", 10, 12),
(184, "2022-09-01", 7, 9),
(185, "2022-09-01", 11, 13),
(186, "2022-09-01", 11, 13),
(187, "2022-09-01", 11, 13),
(188, "2022-09-01", 10, 12),
(189, "2022-09-01", 11, 13),
(190, "2022-09-01", 10, 12),
(191, "2022-09-01", 11, 13),
(192, "2022-09-01", 10, 12),
(193, "2022-09-01", 1, 2),
(194, "2022-09-01", 12, 14),
(195, "2022-09-01", 1, 2),
(196, "2022-09-01", 1, 1),
(197, "2022-09-01", 12, 14),
(198, "2022-09-01", 12, 14),
(199, "2022-09-01", 1, 2),
(200, "2022-09-01", 12, 14),
(201, "2022-09-01", 12, 14),
(202, "2022-09-01", 1, 2),
(203, "2022-09-01", 12, 14),
(204, "2022-09-01", 12, 14),
(205, "2022-09-01", 12, 14),
(206, "2022-09-01", 1, 1),
(207, "2022-09-01", 1, 2),
(208, "2022-09-01", 1, 1),
(209, "2022-09-01", 14, 16),
(210, "2022-09-01", 1, 3),
(211, "2022-09-01", 12, 14),
(212, "2022-09-01", 12, 14),
(213, "2022-09-01", 1, 3),
(214, "2022-09-01", 13, 15),
(215, "2022-09-01", 13, 15),
(216, "2022-09-01", 14, 16),
(217, "2022-09-01", 1, 1),
(218, "2022-09-01", 12, 14),
(219, "2022-09-01", 1, 1),
(220, "2022-09-01", 13, 15),
(221, "2022-09-01", 1, 1),
(222, "2022-09-01", 12, 14),
(223, "2022-09-01", 1, 2),
(224, "2022-09-01", 14, 16),
(225, "2022-09-01", 12, 14),
(226, "2022-09-01", 13, 15),
(227, "2022-09-01", 13, 15),
(228, "2022-09-01", 14, 16),
(229, "2022-09-01", 1, 1),
(230, "2022-09-01", 14, 16),
(231, "2022-09-01", 14, 16),
(232, "2022-09-01", 14, 16),
(233, "2022-09-01", 12, 14),
(234, "2022-09-01", 14, 16),
(235, "2022-09-01", 1, 2),
(236, "2022-09-01", 13, 15),
(237, "2022-09-01", 14, 16),
(238, "2022-09-01", 1, 1),
(239, "2022-09-01", 1, 1),
(240, "2022-09-01", 14, 16),
(241, "2022-09-01", 12, 14),
(242, "2022-09-01", 14, 16),
(243, "2022-09-01", 13, 15),
(244, "2022-09-01", 1, 3),
(245, "2022-09-01", 16, 18),
(246, "2022-09-01", 1, 1),
(247, "2022-09-01", 12, 14),
(248, "2022-09-01", 16, 18),
(249, "2022-09-01", 12, 14),
(250, "2022-09-01", 12, 14),
(251, "2022-09-01", 1, 1),
(252, "2022-09-01", 16, 18),
(253, "2022-09-01", 12, 14),
(254, "2022-09-01", 12, 14),
(255, "2022-09-01", 12, 14),
(256, "2022-09-01", 1, 1),
(257, "2022-09-01", 1, 2),
(258, "2022-09-01", 12, 14),
(259, "2022-09-01", 1, 2),
(260, "2022-09-01", 12, 14),
(261, "2022-09-01", 15, 17),
(262, "2022-09-01", 1, 1),
(263, "2022-09-01", 16, 18),
(264, "2022-09-01", 1, 3),
(265, "2022-09-01", 16, 18),
(266, "2022-09-01", 12, 14),
(267, "2022-09-01", 15, 17),
(268, "2022-09-01", 1, 3),
(269, "2022-09-01", 12, 14),
(270, "2022-09-01", 1, 2),
(271, "2022-09-01", 15, 17),
(272, "2022-09-01", 15, 17),
(273, "2022-09-01", 1, 2),
(274, "2022-09-01", 15, 17),
(275, "2022-09-01", 15, 17),
(276, "2022-09-01", 15, 17),
(277, "2022-09-01", 1, 2),
(278, "2022-09-01", 16, 18),
(279, "2022-09-01", 12, 14),
(280, "2022-09-01", 1, 3),
(281, "2022-09-01", 15, 17),
(282, "2022-09-01", 12, 14),
(283, "2022-09-01", 15, 17),
(284, "2022-09-01", 12, 14),
(285, "2022-09-01", 16, 18),
(286, "2022-09-01", 16, 18),
(287, "2022-09-01", 15, 17),
(288, "2022-09-01", 16, 18),
(289, "2022-09-01", 1, 1),
(290, "2022-09-01", 15, 17),
(291, "2022-09-01", 15, 17),
(292, "2022-09-01", 16, 18),
(293, "2022-09-01", 15, 17),
(294, "2022-09-01", 15, 17),
(295, "2022-09-01", 15, 17),
(296, "2022-09-02", 3, 5),
(297, "2022-09-02", 4, 6),
(298, "2022-09-02", 4, 6),
(299, "2022-09-02", 1, 3),
(300, "2022-09-02", 2, 4),
(301, "2022-09-02", 1, 3),
(302, "2022-09-02", 1, 3),
(303, "2022-09-02", 1, 1),
(304, "2022-09-02", 4, 6),
(305, "2022-09-02", 1, 3),
(306, "2022-09-02", 4, 6),
(307, "2022-09-02", 2, 4),
(308, "2022-09-02", 4, 6),
(309, "2022-09-02", 2, 4),
(310, "2022-09-02", 3, 5),
(311, "2022-09-02", 2, 4),
(312, "2022-09-02", 3, 5),
(313, "2022-09-02", 1, 1),
(314, "2022-09-02", 1, 2),
(315, "2022-09-02", 1, 3),
(316, "2022-09-02", 3, 5),
(317, "2022-09-02", 3, 5),
(318, "2022-09-02", 4, 6),
(319, "2022-09-02", 4, 6),
(320, "2022-09-02", 4, 6),
(321, "2022-09-02", 3, 5),
(322, "2022-09-02", 3, 5),
(323, "2022-09-02", 4, 6),
(324, "2022-09-02", 1, 3),
(325, "2022-09-02", 3, 5),
(326, "2022-09-02", 4, 6),
(327, "2022-09-02", 2, 4),
(328, "2022-09-02", 1, 2),
(329, "2022-09-02", 4, 6),
(330, "2022-09-02", 4, 6),
(331, "2022-09-02", 1, 3),
(332, "2022-09-02", 1, 2),
(333, "2022-09-02", 3, 5),
(334, "2022-09-02", 3, 5),
(335, "2022-09-02", 1, 3),
(336, "2022-09-02", 1, 2),
(337, "2022-09-02", 4, 6),
(338, "2022-09-02", 2, 4),
(339, "2022-09-02", 4, 6),
(340, "2022-09-02", 1, 1),
(341, "2022-09-02", 1, 1),
(342, "2022-09-02", 5, 7),
(343, "2022-09-02", 2, 4),
(344, "2022-09-02", 1, 3),
(345, "2022-09-02", 1, 3),
(346, "2022-09-02", 2, 4),
(347, "2022-09-02", 1, 1),
(348, "2022-09-02", 1, 3),
(349, "2022-09-02", 1, 2),
(350, "2022-09-02", 6, 8),
(351, "2022-09-02", 1, 2),
(352, "2022-09-02", 6, 8),
(353, "2022-09-02", 2, 4),
(354, "2022-09-02", 5, 7),
(355, "2022-09-02", 5, 7),
(356, "2022-09-02", 6, 8),
(357, "2022-09-02", 1, 3),
(358, "2022-09-02", 1, 1),
(359, "2022-09-02", 1, 3),
(360, "2022-09-02", 2, 4),
(361, "2022-09-02", 5, 7),
(362, "2022-09-02", 2, 4),
(363, "2022-09-02", 2, 4),
(364, "2022-09-02", 2, 4),
(365, "2022-09-02", 2, 4),
(366, "2022-09-02", 2, 4),
(367, "2022-09-02", 5, 7),
(368, "2022-09-02", 1, 3),
(369, "2022-09-02", 2, 4),
(370, "2022-09-02", 5, 7),
(371, "2022-09-02", 5, 7),
(372, "2022-09-02", 2, 4),
(373, "2022-09-02", 2, 4),
(374, "2022-09-02", 2, 4),
(375, "2022-09-02", 5, 7),
(376, "2022-09-02", 5, 7),
(377, "2022-09-02", 6, 8),
(378, "2022-09-02", 5, 7),
(379, "2022-09-02", 1, 3),
(380, "2022-09-02", 6, 8),
(381, "2022-09-02", 6, 8),
(382, "2022-09-02", 6, 8),
(383, "2022-09-02", 5, 7),
(384, "2022-09-02", 6, 8),
(385, "2022-09-02", 2, 4),
(386, "2022-09-02", 1, 2),
(387, "2022-09-02", 5, 7),
(388, "2022-09-02", 1, 1),
(389, "2022-09-02", 6, 8),
(390, "2022-09-02", 5, 7),
(391, "2022-09-02", 2, 4),
(392, "2022-09-02", 6, 8),
(393, "2022-09-02", 5, 7),
(394, "2022-09-02", 2, 4),
(395, "2022-09-02", 5, 7),
(396, "2022-09-02", 7, 9),
(397, "2022-09-02", 1, 1),
(398, "2022-09-02", 7, 9),
(399, "2022-09-02", 1, 3),
(400, "2022-09-02", 1, 3),
(401, "2022-09-02", 8, 10),
(402, "2022-09-02", 7, 9),
(403, "2022-09-02", 1, 1),
(404, "2022-09-02", 7, 9),
(405, "2022-09-02", 1, 1),
(406, "2022-09-02", 7, 9),
(407, "2022-09-02", 1, 3),
(408, "2022-09-02", 1, 1),
(409, "2022-09-02", 7, 9),
(410, "2022-09-02", 7, 9),
(411, "2022-09-02", 8, 10),
(412, "2022-09-02", 7, 9),
(413, "2022-09-02", 1, 2),
(414, "2022-09-02", 7, 9),
(415, "2022-09-02", 7, 9),
(416, "2022-09-02", 9, 11),
(417, "2022-09-02", 8, 10),
(418, "2022-09-02", 1, 2),
(419, "2022-09-02", 8, 10),
(420, "2022-09-02", 8, 10),
(421, "2022-09-02", 9, 11),
(422, "2022-09-02", 1, 2),
(423, "2022-09-02", 9, 11),
(424, "2022-09-02", 8, 10),
(425, "2022-09-02", 9, 11),
(426, "2022-09-02", 8, 10),
(427, "2022-09-02", 9, 11),
(428, "2022-09-02", 7, 9),
(429, "2022-09-02", 1, 3),
(430, "2022-09-02", 1, 1),
(431, "2022-09-02", 1, 2),
(432, "2022-09-02", 1, 3),
(433, "2022-09-02", 7, 9),
(434, "2022-09-02", 1, 1),
(435, "2022-09-02", 7, 9),
(436, "2022-09-02", 1, 2),
(437, "2022-09-02", 8, 10),
(438, "2022-09-02", 7, 9),
(439, "2022-09-02", 9, 11),
(440, "2022-09-02", 9, 11),
(441, "2022-09-02", 9, 11),
(442, "2022-09-02", 9, 11),
(443, "2022-09-02", 9, 11),
(444, "2022-09-02", 9, 11),
(445, "2022-09-02", 7, 9),
(446, "2022-09-02", 9, 11),
(447, "2022-09-02", 8, 10),
(448, "2022-09-02", 7, 9),
(449, "2022-09-02", 1, 3),
(450, "2022-09-02", 7, 9),
(451, "2022-09-02", 11, 13),
(452, "2022-09-02", 7, 9),
(453, "2022-09-02", 1, 2),
(454, "2022-09-02", 7, 9),
(455, "2022-09-02", 7, 9),
(456, "2022-09-02", 11, 13),
(457, "2022-09-02", 7, 9),
(458, "2022-09-02", 7, 9),
(459, "2022-09-02", 1, 3),
(460, "2022-09-02", 7, 9),
(461, "2022-09-02", 1, 1),
(462, "2022-09-02", 1, 1),
(463, "2022-09-02", 7, 9),
(464, "2022-09-02", 1, 2),
(465, "2022-09-02", 10, 12),
(466, "2022-09-02", 7, 9),
(467, "2022-09-02", 1, 1),
(468, "2022-09-02", 10, 12),
(469, "2022-09-02", 1, 1),
(470, "2022-09-02", 10, 12),
(471, "2022-09-02", 1, 3),
(472, "2022-09-02", 11, 13),
(473, "2022-09-02", 1, 3),
(474, "2022-09-02", 1, 3),
(475, "2022-09-02", 10, 12),
(476, "2022-09-02", 7, 9),
(477, "2022-09-02", 11, 13),
(478, "2022-09-02", 1, 1),
(479, "2022-09-02", 10, 12),
(480, "2022-09-02", 7, 9),
(481, "2022-09-02", 1, 1),
(482, "2022-09-02", 11, 13),
(483, "2022-09-02", 1, 1),
(484, "2022-09-02", 11, 13),
(485, "2022-09-02", 1, 1),
(486, "2022-09-02", 11, 13),
(487, "2022-09-02", 7, 9),
(488, "2022-09-02", 1, 3),
(489, "2022-09-02", 10, 12),
(490, "2022-09-02", 10, 12),
(491, "2022-09-02", 11, 13),
(492, "2022-09-02", 7, 9),
(493, "2022-09-02", 11, 13),
(494, "2022-09-02", 11, 13),
(495, "2022-09-02", 10, 12),
(496, "2022-09-02", 1, 3),
(497, "2022-09-02", 10, 12),
(498, "2022-09-02", 11, 13),
(499, "2022-09-02", 12, 14),
(500, "2022-09-02", 12, 14),
(501, "2022-09-02", 14, 16),
(502, "2022-09-02", 1, 1),
(503, "2022-09-02", 1, 2),
(504, "2022-09-02", 1, 2),
(505, "2022-09-02", 1, 3),
(506, "2022-09-02", 1, 1),
(507, "2022-09-02", 12, 14),
(508, "2022-09-02", 14, 16),
(509, "2022-09-02", 1, 1),
(510, "2022-09-02", 13, 15),
(511, "2022-09-02", 1, 2),
(512, "2022-09-02", 1, 3),
(513, "2022-09-02", 1, 1),
(514, "2022-09-02", 1, 1),
(515, "2022-09-02", 14, 16),
(516, "2022-09-02", 12, 14),
(517, "2022-09-02", 13, 15),
(518, "2022-09-02", 13, 15),
(519, "2022-09-02", 12, 14),
(520, "2022-09-02", 14, 16),
(521, "2022-09-02", 12, 14),
(522, "2022-09-02", 13, 15),
(523, "2022-09-02", 14, 16),
(524, "2022-09-02", 1, 2),
(525, "2022-09-02", 14, 16),
(526, "2022-09-02", 1, 3),
(527, "2022-09-02", 12, 14),
(528, "2022-09-02", 13, 15),
(529, "2022-09-02", 13, 15),
(530, "2022-09-02", 1, 3),
(531, "2022-09-02", 14, 16),
(532, "2022-09-02", 14, 16),
(533, "2022-09-02", 1, 3),
(534, "2022-09-02", 12, 14),
(535, "2022-09-02", 12, 14),
(536, "2022-09-02", 12, 14),
(537, "2022-09-02", 1, 1),
(538, "2022-09-02", 12, 14),
(539, "2022-09-02", 14, 16),
(540, "2022-09-02", 12, 14),
(541, "2022-09-02", 13, 15),
(542, "2022-09-02", 13, 15),
(543, "2022-09-02", 1, 1),
(544, "2022-09-02", 13, 15),
(545, "2022-09-02", 13, 15),
(546, "2022-09-02", 12, 14),
(547, "2022-09-02", 13, 15),
(548, "2022-09-02", 12, 14),
(549, "2022-09-02", 12, 14),
(550, "2022-09-02", 1, 1),
(551, "2022-09-02", 12, 14),
(552, "2022-09-02", 1, 2),
(553, "2022-09-02", 15, 17),
(554, "2022-09-02", 1, 1),
(555, "2022-09-02", 12, 14),
(556, "2022-09-02", 1, 1),
(557, "2022-09-02", 1, 1),
(558, "2022-09-02", 1, 2),
(559, "2022-09-02", 1, 1),
(560, "2022-09-02", 15, 17),
(561, "2022-09-02", 16, 18),
(562, "2022-09-02", 16, 18),
(563, "2022-09-02", 1, 3),
(564, "2022-09-02", 12, 14),
(565, "2022-09-02", 15, 17),
(566, "2022-09-02", 12, 14),
(567, "2022-09-02", 12, 14),
(568, "2022-09-02", 12, 14),
(569, "2022-09-02", 15, 17),
(570, "2022-09-02", 12, 14),
(571, "2022-09-02", 1, 2),
(572, "2022-09-02", 1, 1),
(573, "2022-09-02", 16, 18),
(574, "2022-09-02", 15, 17),
(575, "2022-09-02", 16, 18),
(576, "2022-09-02", 1, 3),
(577, "2022-09-02", 15, 17),
(578, "2022-09-02", 16, 18),
(579, "2022-09-02", 1, 2),
(580, "2022-09-02", 16, 18),
(581, "2022-09-02", 16, 18),
(582, "2022-09-02", 1, 3),
(583, "2022-09-02", 15, 17),
(584, "2022-09-02", 12, 14),
(585, "2022-09-02", 15, 17),
(586, "2022-09-02", 12, 14),
(587, "2022-09-02", 1, 3),
(588, "2022-09-02", 16, 18),
(589, "2022-09-02", 16, 18),
(590, "2022-09-02", 16, 18),
(591, "2022-09-02", 16, 18),
(592, "2022-09-02", 15, 17),
(593, "2022-09-02", 12, 14),
(594, "2022-09-02", 1, 2),
(595, "2022-09-02", 16, 18),
(596, "2022-09-03", 1, 1),
(597, "2022-09-03", 2, 4),
(598, "2022-09-03", 4, 6),
(599, "2022-09-03", 1, 2),
(600, "2022-09-03", 2, 4),
(601, "2022-09-03", 2, 4),
(602, "2022-09-03", 3, 5),
(603, "2022-09-03", 1, 3),
(604, "2022-09-03", 1, 3),
(605, "2022-09-03", 1, 2),
(606, "2022-09-03", 3, 5),
(607, "2022-09-03", 4, 6),
(608, "2022-09-03", 1, 2),
(609, "2022-09-03", 4, 6),
(610, "2022-09-03", 1, 2),
(611, "2022-09-03", 2, 4),
(612, "2022-09-03", 1, 1),
(613, "2022-09-03", 2, 4),
(614, "2022-09-03", 2, 4),
(615, "2022-09-03", 3, 5),
(616, "2022-09-03", 2, 4),
(617, "2022-09-03", 1, 3),
(618, "2022-09-03", 2, 4),
(619, "2022-09-03", 4, 6),
(620, "2022-09-03", 2, 4),
(621, "2022-09-03", 2, 4),
(622, "2022-09-03", 1, 2),
(623, "2022-09-03", 4, 6),
(624, "2022-09-03", 3, 5),
(625, "2022-09-03", 1, 1),
(626, "2022-09-03", 2, 4),
(627, "2022-09-03", 4, 6),
(628, "2022-09-03", 3, 5),
(629, "2022-09-03", 2, 4),
(630, "2022-09-03", 4, 6),
(631, "2022-09-03", 2, 4),
(632, "2022-09-03", 3, 5),
(633, "2022-09-03", 1, 3),
(634, "2022-09-03", 3, 5),
(635, "2022-09-03", 3, 5),
(636, "2022-09-03", 1, 2),
(637, "2022-09-03", 4, 6),
(638, "2022-09-03", 4, 6),
(639, "2022-09-03", 4, 6),
(640, "2022-09-03", 4, 6),
(641, "2022-09-03", 3, 5),
(642, "2022-09-03", 4, 6),
(643, "2022-09-03", 3, 5),
(644, "2022-09-03", 1, 3),
(645, "2022-09-03", 3, 5),
(646, "2022-09-03", 3, 5),
(647, "2022-09-03", 5, 7),
(648, "2022-09-03", 6, 8),
(649, "2022-09-03", 1, 1),
(650, "2022-09-03", 2, 4),
(651, "2022-09-03", 2, 4),
(652, "2022-09-03", 1, 2),
(653, "2022-09-03", 1, 1),
(654, "2022-09-03", 6, 8),
(655, "2022-09-03", 2, 4),
(656, "2022-09-03", 1, 2),
(657, "2022-09-03", 6, 8),
(658, "2022-09-03", 2, 4),
(659, "2022-09-03", 6, 8),
(660, "2022-09-03", 6, 8),
(661, "2022-09-03", 6, 8),
(662, "2022-09-03", 5, 7),
(663, "2022-09-03", 5, 7),
(664, "2022-09-03", 1, 1),
(665, "2022-09-03", 2, 4),
(666, "2022-09-03", 2, 4),
(667, "2022-09-03", 5, 7),
(668, "2022-09-03", 1, 2),
(669, "2022-09-03", 2, 4),
(670, "2022-09-03", 1, 1),
(671, "2022-09-03", 6, 8),
(672, "2022-09-03", 5, 7),
(673, "2022-09-03", 2, 4),
(674, "2022-09-03", 6, 8),
(675, "2022-09-03", 1, 2),
(676, "2022-09-03", 2, 4),
(677, "2022-09-03", 5, 7),
(678, "2022-09-03", 5, 7),
(679, "2022-09-03", 6, 8),
(680, "2022-09-03", 1, 2),
(681, "2022-09-03", 5, 7),
(682, "2022-09-03", 1, 3),
(683, "2022-09-03", 5, 7),
(684, "2022-09-03", 2, 4),
(685, "2022-09-03", 6, 8),
(686, "2022-09-03", 2, 4),
(687, "2022-09-03", 5, 7),
(688, "2022-09-03", 2, 4),
(689, "2022-09-03", 5, 7),
(690, "2022-09-03", 6, 8),
(691, "2022-09-03", 5, 7),
(692, "2022-09-03", 1, 3),
(693, "2022-09-03", 1, 3),
(694, "2022-09-03", 2, 4),
(695, "2022-09-03", 2, 4),
(696, "2022-09-03", 1, 2),
(697, "2022-09-03", 7, 9),
(698, "2022-09-03", 1, 2),
(699, "2022-09-03", 1, 3),
(700, "2022-09-03", 7, 9),
(701, "2022-09-03", 1, 2),
(702, "2022-09-03", 7, 9),
(703, "2022-09-03", 7, 9),
(704, "2022-09-03", 1, 3),
(705, "2022-09-03", 7, 9),
(706, "2022-09-03", 7, 9),
(707, "2022-09-03", 1, 3),
(708, "2022-09-03", 1, 2),
(709, "2022-09-03", 9, 11),
(710, "2022-09-03", 1, 3),
(711, "2022-09-03", 9, 11),
(712, "2022-09-03", 1, 1),
(713, "2022-09-03", 1, 2),
(714, "2022-09-03", 8, 10),
(715, "2022-09-03", 1, 2),
(716, "2022-09-03", 8, 10),
(717, "2022-09-03", 7, 9),
(718, "2022-09-03", 7, 9),
(719, "2022-09-03", 1, 1),
(720, "2022-09-03", 1, 3),
(721, "2022-09-03", 7, 9),
(722, "2022-09-03", 7, 9),
(723, "2022-09-03", 7, 9),
(724, "2022-09-03", 8, 10),
(725, "2022-09-03", 1, 3),
(726, "2022-09-03", 9, 11),
(727, "2022-09-03", 7, 9),
(728, "2022-09-03", 8, 10),
(729, "2022-09-03", 1, 1),
(730, "2022-09-03", 1, 2),
(731, "2022-09-03", 9, 11),
(732, "2022-09-03", 9, 11),
(733, "2022-09-03", 8, 10),
(734, "2022-09-03", 1, 3),
(735, "2022-09-03", 7, 9),
(736, "2022-09-03", 8, 10),
(737, "2022-09-03", 7, 9),
(738, "2022-09-03", 1, 2),
(739, "2022-09-03", 7, 9),
(740, "2022-09-03", 9, 11),
(741, "2022-09-03", 8, 10),
(742, "2022-09-03", 1, 2),
(743, "2022-09-03", 8, 10),
(744, "2022-09-03", 9, 11),
(745, "2022-09-03", 8, 10),
(746, "2022-09-03", 9, 11),
(747, "2022-09-03", 8, 10),
(748, "2022-09-03", 1, 1),
(749, "2022-09-03", 7, 9),
(750, "2022-09-03", 7, 9),
(751, "2022-09-03", 1, 3),
(752, "2022-09-03", 7, 9),
(753, "2022-09-03", 1, 2),
(754, "2022-09-03", 7, 9),
(755, "2022-09-03", 1, 1),
(756, "2022-09-03", 1, 1),
(757, "2022-09-03", 7, 9),
(758, "2022-09-03", 11, 13),
(759, "2022-09-03", 1, 3),
(760, "2022-09-03", 1, 3),
(761, "2022-09-03", 10, 12),
(762, "2022-09-03", 11, 13),
(763, "2022-09-03", 11, 13),
(764, "2022-09-03", 1, 1),
(765, "2022-09-03", 1, 3),
(766, "2022-09-03", 1, 2),
(767, "2022-09-03", 10, 12),
(768, "2022-09-03", 7, 9),
(769, "2022-09-03", 11, 13),
(770, "2022-09-03", 1, 2),
(771, "2022-09-03", 11, 13),
(772, "2022-09-03", 11, 13),
(773, "2022-09-03", 1, 2),
(774, "2022-09-03", 7, 9),
(775, "2022-09-03", 7, 9),
(776, "2022-09-03", 10, 12),
(777, "2022-09-03", 11, 13),
(778, "2022-09-03", 10, 12),
(779, "2022-09-03", 1, 1),
(780, "2022-09-03", 10, 12),
(781, "2022-09-03", 1, 1),
(782, "2022-09-03", 11, 13),
(783, "2022-09-03", 10, 12),
(784, "2022-09-03", 10, 12),
(785, "2022-09-03", 11, 13),
(786, "2022-09-03", 10, 12),
(787, "2022-09-03", 10, 12),
(788, "2022-09-03", 10, 12),
(789, "2022-09-03", 1, 2),
(790, "2022-09-03", 14, 16),
(791, "2022-09-03", 1, 1),
(792, "2022-09-03", 1, 2),
(793, "2022-09-03", 12, 14),
(794, "2022-09-03", 1, 2),
(795, "2022-09-03", 1, 1),
(796, "2022-09-03", 14, 16),
(797, "2022-09-03", 1, 1),
(798, "2022-09-03", 1, 3),
(799, "2022-09-03", 1, 3),
(800, "2022-09-03", 1, 2),
(801, "2022-09-03", 1, 1),
(802, "2022-09-03", 1, 3),
(803, "2022-09-03", 1, 2),
(804, "2022-09-03", 12, 14),
(805, "2022-09-03", 12, 14),
(806, "2022-09-03", 13, 15),
(807, "2022-09-03", 12, 14),
(808, "2022-09-03", 12, 14),
(809, "2022-09-03", 1, 2),
(810, "2022-09-03", 14, 16),
(811, "2022-09-03", 12, 14),
(812, "2022-09-03", 1, 3),
(813, "2022-09-03", 14, 16),
(814, "2022-09-03", 1, 1),
(815, "2022-09-03", 1, 2),
(816, "2022-09-03", 12, 14),
(817, "2022-09-03", 13, 15),
(818, "2022-09-03", 14, 16),
(819, "2022-09-03", 12, 14),
(820, "2022-09-03", 13, 15),
(821, "2022-09-03", 14, 16),
(822, "2022-09-03", 13, 15),
(823, "2022-09-03", 12, 14),
(824, "2022-09-03", 1, 1),
(825, "2022-09-03", 1, 3),
(826, "2022-09-03", 12, 14),
(827, "2022-09-03", 14, 16),
(828, "2022-09-03", 13, 15),
(829, "2022-09-03", 12, 14),
(830, "2022-09-03", 14, 16),
(831, "2022-09-03", 12, 14),
(832, "2022-09-03", 14, 16),
(833, "2022-09-03", 12, 14),
(834, "2022-09-03", 12, 14),
(835, "2022-09-03", 12, 14),
(836, "2022-09-03", 12, 14),
(837, "2022-09-03", 13, 15),
(838, "2022-09-03", 13, 15),
(839, "2022-09-03", 13, 15),
(840, "2022-09-03", 14, 16),
(841, "2022-09-03", 14, 16),
(842, "2022-09-03", 13, 15),
(843, "2022-09-03", 13, 15),
(844, "2022-09-03", 13, 15),
(845, "2022-09-03", 1, 1),
(846, "2022-09-03", 1, 1),
(847, "2022-09-03", 1, 1),
(848, "2022-09-03", 12, 14),
(849, "2022-09-03", 1, 2),
(850, "2022-09-03", 1, 2),
(851, "2022-09-03", 1, 3),
(852, "2022-09-03", 12, 14),
(853, "2022-09-03", 1, 2),
(854, "2022-09-03", 16, 18),
(855, "2022-09-03", 12, 14),
(856, "2022-09-03", 1, 2),
(857, "2022-09-03", 16, 18),
(858, "2022-09-03", 1, 3),
(859, "2022-09-03", 1, 3),
(860, "2022-09-03", 1, 3),
(861, "2022-09-03", 12, 14),
(862, "2022-09-03", 12, 14),
(863, "2022-09-03", 12, 14),
(864, "2022-09-03", 1, 3),
(865, "2022-09-03", 12, 14),
(866, "2022-09-03", 16, 18),
(867, "2022-09-03", 1, 1),
(868, "2022-09-03", 16, 18),
(869, "2022-09-03", 1, 1),
(870, "2022-09-03", 1, 3),
(871, "2022-09-03", 15, 17),
(872, "2022-09-03", 1, 2),
(873, "2022-09-03", 16, 18),
(874, "2022-09-03", 1, 3),
(875, "2022-09-03", 15, 17),
(876, "2022-09-03", 12, 14),
(877, "2022-09-03", 1, 2),
(878, "2022-09-03", 16, 18),
(879, "2022-09-03", 15, 17),
(880, "2022-09-03", 12, 14),
(881, "2022-09-03", 15, 17),
(882, "2022-09-03", 12, 14),
(883, "2022-09-03", 15, 17),
(884, "2022-09-03", 15, 17),
(885, "2022-09-03", 1, 1),
(886, "2022-09-03", 16, 18),
(887, "2022-09-03", 16, 18),
(888, "2022-09-03", 12, 14),
(889, "2022-09-03", 15, 17),
(890, "2022-09-03", 15, 17),
(891, "2022-09-03", 12, 14),
(892, "2022-09-03", 16, 18),
(893, "2022-09-03", 15, 17),
(894, "2022-09-03", 15, 17),
(895, "2022-09-03", 15, 17),
(896, "2022-09-03", 12, 14),
(897, "2022-09-03", 1, 2),
(898, "2022-09-04", 2, 4),
(899, "2022-09-04", 2, 4),
(900, "2022-09-04", 2, 4),
(901, "2022-09-04", 2, 4),
(902, "2022-09-04", 1, 1),
(903, "2022-09-04", 2, 4),
(904, "2022-09-04", 2, 4),
(905, "2022-09-04", 2, 4),
(906, "2022-09-04", 4, 6),
(907, "2022-09-04", 1, 3),
(908, "2022-09-04", 2, 4),
(909, "2022-09-04", 2, 4),
(910, "2022-09-04", 4, 6),
(911, "2022-09-04", 1, 2),
(912, "2022-09-04", 2, 4),
(913, "2022-09-04", 1, 3),
(914, "2022-09-04", 2, 4),
(915, "2022-09-04", 3, 5),
(916, "2022-09-04", 1, 2),
(917, "2022-09-04", 3, 5),
(918, "2022-09-04", 1, 1),
(919, "2022-09-04", 1, 3),
(920, "2022-09-04", 2, 4),
(921, "2022-09-04", 4, 6),
(922, "2022-09-04", 4, 6),
(923, "2022-09-04", 4, 6),
(924, "2022-09-04", 2, 4),
(925, "2022-09-04", 1, 3),
(926, "2022-09-04", 1, 1),
(927, "2022-09-04", 3, 5),
(928, "2022-09-04", 1, 2),
(929, "2022-09-04", 3, 5),
(930, "2022-09-04", 2, 4),
(931, "2022-09-04", 3, 5),
(932, "2022-09-04", 3, 5),
(933, "2022-09-04", 3, 5),
(934, "2022-09-04", 3, 5),
(935, "2022-09-04", 4, 6),
(936, "2022-09-04", 1, 3),
(937, "2022-09-04", 2, 4),
(938, "2022-09-04", 2, 4),
(939, "2022-09-04", 3, 5),
(940, "2022-09-04", 4, 6),
(941, "2022-09-04", 4, 6),
(942, "2022-09-04", 3, 5),
(943, "2022-09-04", 4, 6),
(944, "2022-09-04", 4, 6),
(945, "2022-09-04", 2, 4),
(946, "2022-09-04", 2, 4),
(947, "2022-09-04", 1, 3),
(948, "2022-09-04", 1, 3),
(949, "2022-09-04", 1, 1),
(950, "2022-09-04", 2, 4),
(951, "2022-09-04", 2, 4),
(952, "2022-09-04", 1, 1),
(953, "2022-09-04", 2, 4),
(954, "2022-09-04", 1, 1),
(955, "2022-09-04", 1, 2),
(956, "2022-09-04", 1, 2),
(957, "2022-09-04", 1, 1),
(958, "2022-09-04", 1, 3),
(959, "2022-09-04", 2, 4),
(960, "2022-09-04", 1, 1),
(961, "2022-09-04", 2, 4),
(962, "2022-09-04", 1, 3),
(963, "2022-09-04", 2, 4),
(964, "2022-09-04", 5, 7),
(965, "2022-09-04", 2, 4),
(966, "2022-09-04", 1, 3),
(967, "2022-09-04", 6, 8),
(968, "2022-09-04", 2, 4),
(969, "2022-09-04", 2, 4),
(970, "2022-09-04", 1, 3),
(971, "2022-09-04", 1, 1),
(972, "2022-09-04", 1, 1),
(973, "2022-09-04", 6, 8),
(974, "2022-09-04", 2, 4),
(975, "2022-09-04", 2, 4),
(976, "2022-09-04", 6, 8),
(977, "2022-09-04", 5, 7),
(978, "2022-09-04", 6, 8),
(979, "2022-09-04", 2, 4),
(980, "2022-09-04", 1, 1),
(981, "2022-09-04", 5, 7),
(982, "2022-09-04", 5, 7),
(983, "2022-09-04", 2, 4),
(984, "2022-09-04", 6, 8),
(985, "2022-09-04", 6, 8),
(986, "2022-09-04", 6, 8),
(987, "2022-09-04", 5, 7),
(988, "2022-09-04", 6, 8),
(989, "2022-09-04", 1, 2),
(990, "2022-09-04", 1, 2),
(991, "2022-09-04", 5, 7),
(992, "2022-09-04", 5, 7),
(993, "2022-09-04", 5, 7),
(994, "2022-09-04", 1, 3),
(995, "2022-09-04", 5, 7),
(996, "2022-09-04", 5, 7),
(997, "2022-09-04", 7, 9),
(998, "2022-09-04", 8, 10),
(999, "2022-09-04", 7, 9),
(1000, "2022-09-04", 7, 9),
(1001, "2022-09-04", 9, 11),
(1002, "2022-09-04", 9, 11),
(1003, "2022-09-04", 7, 9),
(1004, "2022-09-04", 1, 2),
(1005, "2022-09-04", 7, 9),
(1006, "2022-09-04", 1, 1),
(1007, "2022-09-04", 1, 1),
(1008, "2022-09-04", 7, 9),
(1009, "2022-09-04", 1, 3),
(1010, "2022-09-04", 1, 1),
(1011, "2022-09-04", 8, 10),
(1012, "2022-09-04", 7, 9),
(1013, "2022-09-04", 1, 3),
(1014, "2022-09-04", 8, 10),
(1015, "2022-09-04", 9, 11),
(1016, "2022-09-04", 9, 11),
(1017, "2022-09-04", 7, 9),
(1018, "2022-09-04", 9, 11),
(1019, "2022-09-04", 8, 10),
(1020, "2022-09-04", 1, 2),
(1021, "2022-09-04", 8, 10),
(1022, "2022-09-04", 8, 10),
(1023, "2022-09-04", 1, 2),
(1024, "2022-09-04", 7, 9),
(1025, "2022-09-04", 1, 3),
(1026, "2022-09-04", 8, 10),
(1027, "2022-09-04", 9, 11),
(1028, "2022-09-04", 9, 11),
(1029, "2022-09-04", 1, 3),
(1030, "2022-09-04", 9, 11),
(1031, "2022-09-04", 1, 3),
(1032, "2022-09-04", 8, 10),
(1033, "2022-09-04", 9, 11),
(1034, "2022-09-04", 8, 10),
(1035, "2022-09-04", 8, 10),
(1036, "2022-09-04", 1, 2),
(1037, "2022-09-04", 7, 9),
(1038, "2022-09-04", 9, 11),
(1039, "2022-09-04", 7, 9),
(1040, "2022-09-04", 8, 10),
(1041, "2022-09-04", 9, 11),
(1042, "2022-09-04", 9, 11),
(1043, "2022-09-04", 1, 1),
(1044, "2022-09-04", 1, 2),
(1045, "2022-09-04", 1, 1),
(1046, "2022-09-04", 7, 9),
(1047, "2022-09-04", 7, 9),
(1048, "2022-09-04", 1, 1),
(1049, "2022-09-04", 10, 12),
(1050, "2022-09-04", 7, 9),
(1051, "2022-09-04", 1, 3),
(1052, "2022-09-04", 11, 13),
(1053, "2022-09-04", 7, 9),
(1054, "2022-09-04", 1, 2),
(1055, "2022-09-04", 11, 13),
(1056, "2022-09-04", 1, 1),
(1057, "2022-09-04", 1, 1),
(1058, "2022-09-04", 11, 13),
(1059, "2022-09-04", 1, 2),
(1060, "2022-09-04", 1, 3),
(1061, "2022-09-04", 7, 9),
(1062, "2022-09-04", 7, 9),
(1063, "2022-09-04", 1, 1),
(1064, "2022-09-04", 1, 2),
(1065, "2022-09-04", 7, 9),
(1066, "2022-09-04", 1, 3),
(1067, "2022-09-04", 10, 12),
(1068, "2022-09-04", 7, 9),
(1069, "2022-09-04", 7, 9),
(1070, "2022-09-04", 10, 12),
(1071, "2022-09-04", 11, 13),
(1072, "2022-09-04", 10, 12),
(1073, "2022-09-04", 7, 9),
(1074, "2022-09-04", 1, 1),
(1075, "2022-09-04", 7, 9),
(1076, "2022-09-04", 7, 9),
(1077, "2022-09-04", 10, 12),
(1078, "2022-09-04", 1, 1),
(1079, "2022-09-04", 1, 2),
(1080, "2022-09-04", 10, 12),
(1081, "2022-09-04", 11, 13),
(1082, "2022-09-04", 10, 12),
(1083, "2022-09-04", 10, 12),
(1084, "2022-09-04", 1, 1),
(1085, "2022-09-04", 10, 12),
(1086, "2022-09-04", 10, 12),
(1087, "2022-09-04", 1, 2),
(1088, "2022-09-04", 10, 12),
(1089, "2022-09-04", 10, 12),
(1090, "2022-09-04", 11, 13),
(1091, "2022-09-04", 11, 13),
(1092, "2022-09-04", 11, 13),
(1093, "2022-09-04", 11, 13),
(1094, "2022-09-04", 1, 2),
(1095, "2022-09-04", 1, 3),
(1096, "2022-09-04", 12, 14),
(1097, "2022-09-04", 1, 1),
(1098, "2022-09-04", 12, 14),
(1099, "2022-09-04", 12, 14),
(1100, "2022-09-04", 12, 14),
(1101, "2022-09-04", 12, 14),
(1102, "2022-09-04", 12, 14),
(1103, "2022-09-04", 1, 3),
(1104, "2022-09-04", 12, 14),
(1105, "2022-09-04", 12, 14),
(1106, "2022-09-04", 12, 14),
(1107, "2022-09-04", 14, 16),
(1108, "2022-09-04", 1, 3),
(1109, "2022-09-04", 1, 2),
(1110, "2022-09-04", 1, 2),
(1111, "2022-09-04", 13, 15),
(1112, "2022-09-04", 13, 15),
(1113, "2022-09-04", 1, 3),
(1114, "2022-09-04", 14, 16),
(1115, "2022-09-04", 13, 15),
(1116, "2022-09-04", 12, 14),
(1117, "2022-09-04", 14, 16),
(1118, "2022-09-04", 1, 2),
(1119, "2022-09-04", 12, 14),
(1120, "2022-09-04", 12, 14),
(1121, "2022-09-04", 14, 16),
(1122, "2022-09-04", 12, 14),
(1123, "2022-09-04", 12, 14),
(1124, "2022-09-04", 14, 16),
(1125, "2022-09-04", 1, 3),
(1126, "2022-09-04", 12, 14),
(1127, "2022-09-04", 13, 15),
(1128, "2022-09-04", 1, 3),
(1129, "2022-09-04", 1, 1),
(1130, "2022-09-04", 14, 16),
(1131, "2022-09-04", 13, 15),
(1132, "2022-09-04", 14, 16),
(1133, "2022-09-04", 14, 16),
(1134, "2022-09-04", 14, 16),
(1135, "2022-09-04", 14, 16),
(1136, "2022-09-04", 13, 15),
(1137, "2022-09-04", 1, 2),
(1138, "2022-09-04", 13, 15),
(1139, "2022-09-04", 14, 16),
(1140, "2022-09-04", 12, 14),
(1141, "2022-09-04", 14, 16),
(1142, "2022-09-04", 14, 16),
(1143, "2022-09-04", 14, 16),
(1144, "2022-09-04", 12, 14),
(1145, "2022-09-04", 14, 16),
(1146, "2022-09-04", 14, 16),
(1147, "2022-09-04", 1, 3),
(1148, "2022-09-04", 12, 14),
(1149, "2022-09-04", 12, 14),
(1150, "2022-09-04", 12, 14),
(1151, "2022-09-04", 12, 14),
(1152, "2022-09-04", 12, 14),
(1153, "2022-09-04", 12, 14),
(1154, "2022-09-04", 1, 2),
(1155, "2022-09-04", 16, 18),
(1156, "2022-09-04", 1, 3),
(1157, "2022-09-04", 15, 17),
(1158, "2022-09-04", 12, 14),
(1159, "2022-09-04", 16, 18),
(1160, "2022-09-04", 15, 17),
(1161, "2022-09-04", 15, 17),
(1162, "2022-09-04", 15, 17),
(1163, "2022-09-04", 1, 1),
(1164, "2022-09-04", 1, 3),
(1165, "2022-09-04", 1, 1),
(1166, "2022-09-04", 16, 18),
(1167, "2022-09-04", 1, 3),
(1168, "2022-09-04", 1, 2),
(1169, "2022-09-04", 1, 1),
(1170, "2022-09-04", 16, 18),
(1171, "2022-09-04", 16, 18),
(1172, "2022-09-04", 15, 17),
(1173, "2022-09-04", 1, 2),
(1174, "2022-09-04", 1, 1),
(1175, "2022-09-04", 16, 18),
(1176, "2022-09-04", 16, 18),
(1177, "2022-09-04", 16, 18),
(1178, "2022-09-04", 1, 2),
(1179, "2022-09-04", 1, 2),
(1180, "2022-09-04", 12, 14),
(1181, "2022-09-04", 16, 18),
(1182, "2022-09-04", 12, 14),
(1183, "2022-09-04", 15, 17),
(1184, "2022-09-04", 1, 1),
(1185, "2022-09-04", 1, 3),
(1186, "2022-09-04", 15, 17),
(1187, "2022-09-04", 16, 18),
(1188, "2022-09-04", 16, 18),
(1189, "2022-09-04", 16, 18),
(1190, "2022-09-04", 12, 14),
(1191, "2022-09-04", 12, 14),
(1192, "2022-09-04", 16, 18),
(1193, "2022-09-04", 16, 18),
(1194, "2022-09-04", 1, 1),
(1195, "2022-09-04", 1, 2),
(1196, "2022-09-04", 16, 18),
(1197, "2022-09-05", 3, 5),
(1198, "2022-09-05", 2, 4),
(1199, "2022-09-05", 2, 4),
(1200, "2022-09-05", 2, 4),
(1201, "2022-09-05", 1, 2),
(1202, "2022-09-05", 2, 4),
(1203, "2022-09-05", 3, 5),
(1204, "2022-09-05", 2, 4),
(1205, "2022-09-05", 1, 3),
(1206, "2022-09-05", 1, 2),
(1207, "2022-09-05", 1, 3),
(1208, "2022-09-05", 2, 4),
(1209, "2022-09-05", 2, 4),
(1210, "2022-09-05", 2, 4),
(1211, "2022-09-05", 2, 4),
(1212, "2022-09-05", 3, 5),
(1213, "2022-09-05", 4, 6),
(1214, "2022-09-05", 2, 4),
(1215, "2022-09-05", 2, 4),
(1216, "2022-09-05", 2, 4),
(1217, "2022-09-05", 1, 3),
(1218, "2022-09-05", 1, 3),
(1219, "2022-09-05", 1, 2),
(1220, "2022-09-05", 1, 1),
(1221, "2022-09-05", 1, 1),
(1222, "2022-09-05", 2, 4),
(1223, "2022-09-05", 4, 6),
(1224, "2022-09-05", 3, 5),
(1225, "2022-09-05", 1, 3),
(1226, "2022-09-05", 4, 6),
(1227, "2022-09-05", 1, 3),
(1228, "2022-09-05", 1, 3),
(1229, "2022-09-05", 1, 2),
(1230, "2022-09-05", 3, 5),
(1231, "2022-09-05", 1, 2),
(1232, "2022-09-05", 1, 2),
(1233, "2022-09-05", 1, 1),
(1234, "2022-09-05", 4, 6),
(1235, "2022-09-05", 3, 5),
(1236, "2022-09-05", 4, 6),
(1237, "2022-09-05", 3, 5),
(1238, "2022-09-05", 3, 5),
(1239, "2022-09-05", 4, 6),
(1240, "2022-09-05", 3, 5),
(1241, "2022-09-05", 1, 3),
(1242, "2022-09-05", 3, 5),
(1243, "2022-09-05", 4, 6),
(1244, "2022-09-05", 3, 5),
(1245, "2022-09-05", 3, 5),
(1246, "2022-09-05", 2, 4),
(1247, "2022-09-05", 1, 1),
(1248, "2022-09-05", 1, 1),
(1249, "2022-09-05", 2, 4),
(1250, "2022-09-05", 1, 1),
(1251, "2022-09-05", 1, 3),
(1252, "2022-09-05", 1, 1),
(1253, "2022-09-05", 2, 4),
(1254, "2022-09-05", 6, 8),
(1255, "2022-09-05", 1, 2),
(1256, "2022-09-05", 1, 1),
(1257, "2022-09-05", 2, 4),
(1258, "2022-09-05", 1, 3),
(1259, "2022-09-05", 5, 7),
(1260, "2022-09-05", 1, 1),
(1261, "2022-09-05", 6, 8),
(1262, "2022-09-05", 2, 4),
(1263, "2022-09-05", 5, 7),
(1264, "2022-09-05", 6, 8),
(1265, "2022-09-05", 1, 3),
(1266, "2022-09-05", 5, 7),
(1267, "2022-09-05", 2, 4),
(1268, "2022-09-05", 5, 7),
(1269, "2022-09-05", 6, 8),
(1270, "2022-09-05", 1, 2),
(1271, "2022-09-05", 5, 7),
(1272, "2022-09-05", 5, 7),
(1273, "2022-09-05", 2, 4),
(1274, "2022-09-05", 5, 7),
(1275, "2022-09-05", 1, 2),
(1276, "2022-09-05", 6, 8),
(1277, "2022-09-05", 1, 2),
(1278, "2022-09-05", 1, 2),
(1279, "2022-09-05", 1, 3),
(1280, "2022-09-05", 2, 4),
(1281, "2022-09-05", 5, 7),
(1282, "2022-09-05", 6, 8),
(1283, "2022-09-05", 5, 7),
(1284, "2022-09-05", 6, 8),
(1285, "2022-09-05", 1, 1),
(1286, "2022-09-05", 2, 4),
(1287, "2022-09-05", 2, 4),
(1288, "2022-09-05", 6, 8),
(1289, "2022-09-05", 1, 1),
(1290, "2022-09-05", 6, 8),
(1291, "2022-09-05", 6, 8),
(1292, "2022-09-05", 2, 4),
(1293, "2022-09-05", 6, 8),
(1294, "2022-09-05", 6, 8),
(1295, "2022-09-05", 6, 8),
(1296, "2022-09-05", 6, 8),
(1297, "2022-09-05", 5, 7),
(1298, "2022-09-05", 6, 8),
(1299, "2022-09-05", 5, 7),
(1300, "2022-09-05", 1, 2),
(1301, "2022-09-05", 8, 10),
(1302, "2022-09-05", 8, 10),
(1303, "2022-09-05", 7, 9),
(1304, "2022-09-05", 7, 9),
(1305, "2022-09-05", 1, 2),
(1306, "2022-09-05", 1, 2),
(1307, "2022-09-05", 7, 9),
(1308, "2022-09-05", 1, 3),
(1309, "2022-09-05", 8, 10),
(1310, "2022-09-05", 1, 3),
(1311, "2022-09-05", 7, 9),
(1312, "2022-09-05", 8, 10),
(1313, "2022-09-05", 1, 1),
(1314, "2022-09-05", 1, 1),
(1315, "2022-09-05", 8, 10),
(1316, "2022-09-05", 9, 11),
(1317, "2022-09-05", 7, 9),
(1318, "2022-09-05", 9, 11),
(1319, "2022-09-05", 7, 9),
(1320, "2022-09-05", 1, 3),
(1321, "2022-09-05", 8, 10),
(1322, "2022-09-05", 7, 9),
(1323, "2022-09-05", 1, 3),
(1324, "2022-09-05", 8, 10),
(1325, "2022-09-05", 1, 1),
(1326, "2022-09-05", 9, 11),
(1327, "2022-09-05", 8, 10),
(1328, "2022-09-05", 7, 9),
(1329, "2022-09-05", 1, 1),
(1330, "2022-09-05", 7, 9),
(1331, "2022-09-05", 9, 11),
(1332, "2022-09-05", 8, 10),
(1333, "2022-09-05", 9, 11),
(1334, "2022-09-05", 8, 10),
(1335, "2022-09-05", 7, 9),
(1336, "2022-09-05", 7, 9),
(1337, "2022-09-05", 1, 1),
(1338, "2022-09-05", 7, 9),
(1339, "2022-09-05", 8, 10),
(1340, "2022-09-05", 9, 11),
(1341, "2022-09-05", 1, 2),
(1342, "2022-09-05", 9, 11),
(1343, "2022-09-05", 1, 3),
(1344, "2022-09-05", 9, 11),
(1345, "2022-09-05", 7, 9),
(1346, "2022-09-05", 7, 9),
(1347, "2022-09-05", 9, 11),
(1348, "2022-09-05", 1, 1),
(1349, "2022-09-05", 10, 12),
(1350, "2022-09-05", 11, 13),
(1351, "2022-09-05", 1, 3),
(1352, "2022-09-05", 1, 2),
(1353, "2022-09-05", 7, 9),
(1354, "2022-09-05", 1, 2),
(1355, "2022-09-05", 10, 12),
(1356, "2022-09-05", 7, 9),
(1357, "2022-09-05", 7, 9),
(1358, "2022-09-05", 1, 1),
(1359, "2022-09-05", 7, 9),
(1360, "2022-09-05", 11, 13),
(1361, "2022-09-05", 11, 13),
(1362, "2022-09-05", 1, 3),
(1363, "2022-09-05", 7, 9),
(1364, "2022-09-05", 7, 9),
(1365, "2022-09-05", 7, 9),
(1366, "2022-09-05", 1, 1),
(1367, "2022-09-05", 10, 12),
(1368, "2022-09-05", 7, 9),
(1369, "2022-09-05", 11, 13),
(1370, "2022-09-05", 10, 12),
(1371, "2022-09-05", 10, 12),
(1372, "2022-09-05", 7, 9),
(1373, "2022-09-05", 1, 1),
(1374, "2022-09-05", 1, 2),
(1375, "2022-09-05", 1, 3),
(1376, "2022-09-05", 7, 9),
(1377, "2022-09-05", 11, 13),
(1378, "2022-09-05", 7, 9),
(1379, "2022-09-05", 11, 13),
(1380, "2022-09-05", 11, 13),
(1381, "2022-09-05", 7, 9),
(1382, "2022-09-05", 11, 13),
(1383, "2022-09-05", 7, 9),
(1384, "2022-09-05", 7, 9),
(1385, "2022-09-05", 1, 1),
(1386, "2022-09-05", 10, 12),
(1387, "2022-09-05", 10, 12),
(1388, "2022-09-05", 10, 12),
(1389, "2022-09-05", 10, 12),
(1390, "2022-09-05", 10, 12),
(1391, "2022-09-05", 10, 12),
(1392, "2022-09-05", 1, 1),
(1393, "2022-09-05", 11, 13),
(1394, "2022-09-05", 11, 13),
(1395, "2022-09-05", 11, 13),
(1396, "2022-09-05", 10, 12),
(1397, "2022-09-05", 14, 16),
(1398, "2022-09-05", 1, 2),
(1399, "2022-09-05", 14, 16),
(1400, "2022-09-05", 1, 2),
(1401, "2022-09-05", 1, 1),
(1402, "2022-09-05", 1, 3),
(1403, "2022-09-05", 13, 15),
(1404, "2022-09-05", 14, 16),
(1405, "2022-09-05", 12, 14),
(1406, "2022-09-05", 1, 2),
(1407, "2022-09-05", 14, 16),
(1408, "2022-09-05", 14, 16),
(1409, "2022-09-05", 12, 14),
(1410, "2022-09-05", 12, 14),
(1411, "2022-09-05", 1, 3),
(1412, "2022-09-05", 13, 15),
(1413, "2022-09-05", 1, 1),
(1414, "2022-09-05", 14, 16),
(1415, "2022-09-05", 1, 2),
(1416, "2022-09-05", 12, 14),
(1417, "2022-09-05", 13, 15),
(1418, "2022-09-05", 12, 14),
(1419, "2022-09-05", 12, 14),
(1420, "2022-09-05", 14, 16),
(1421, "2022-09-05", 1, 3),
(1422, "2022-09-05", 14, 16),
(1423, "2022-09-05", 14, 16),
(1424, "2022-09-05", 14, 16),
(1425, "2022-09-05", 12, 14),
(1426, "2022-09-05", 14, 16),
(1427, "2022-09-05", 12, 14),
(1428, "2022-09-05", 1, 2),
(1429, "2022-09-05", 14, 16),
(1430, "2022-09-05", 13, 15),
(1431, "2022-09-05", 14, 16),
(1432, "2022-09-05", 14, 16),
(1433, "2022-09-05", 14, 16),
(1434, "2022-09-05", 13, 15),
(1435, "2022-09-05", 13, 15),
(1436, "2022-09-05", 13, 15),
(1437, "2022-09-05", 14, 16),
(1438, "2022-09-05", 14, 16),
(1439, "2022-09-05", 13, 15),
(1440, "2022-09-05", 12, 14),
(1441, "2022-09-05", 13, 15),
(1442, "2022-09-05", 13, 15),
(1443, "2022-09-05", 12, 14),
(1444, "2022-09-05", 1, 3),
(1445, "2022-09-05", 12, 14),
(1446, "2022-09-05", 1, 3),
(1447, "2022-09-05", 1, 1),
(1448, "2022-09-05", 12, 14),
(1449, "2022-09-05", 1, 3),
(1450, "2022-09-05", 16, 18),
(1451, "2022-09-05", 12, 14),
(1452, "2022-09-05", 1, 3),
(1453, "2022-09-05", 1, 3),
(1454, "2022-09-05", 15, 17),
(1455, "2022-09-05", 15, 17),
(1456, "2022-09-05", 15, 17),
(1457, "2022-09-05", 1, 2),
(1458, "2022-09-05", 1, 1),
(1459, "2022-09-05", 15, 17),
(1460, "2022-09-05", 16, 18),
(1461, "2022-09-05", 1, 1),
(1462, "2022-09-05", 12, 14),
(1463, "2022-09-05", 16, 18),
(1464, "2022-09-05", 16, 18),
(1465, "2022-09-05", 1, 1),
(1466, "2022-09-05", 15, 17),
(1467, "2022-09-05", 16, 18),
(1468, "2022-09-05", 15, 17),
(1469, "2022-09-05", 1, 2),
(1470, "2022-09-05", 1, 1),
(1471, "2022-09-05", 12, 14),
(1472, "2022-09-05", 1, 1),
(1473, "2022-09-05", 12, 14),
(1474, "2022-09-05", 15, 17),
(1475, "2022-09-05", 12, 14),
(1476, "2022-09-05", 15, 17),
(1477, "2022-09-05", 12, 14),
(1478, "2022-09-05", 12, 14),
(1479, "2022-09-05", 1, 1),
(1480, "2022-09-05", 16, 18),
(1481, "2022-09-05", 1, 1),
(1482, "2022-09-05", 12, 14),
(1483, "2022-09-05", 1, 2),
(1484, "2022-09-05", 15, 17),
(1485, "2022-09-05", 15, 17),
(1486, "2022-09-05", 12, 14),
(1487, "2022-09-05", 1, 2),
(1488, "2022-09-05", 12, 14),
(1489, "2022-09-05", 1, 2),
(1490, "2022-09-05", 1, 1),
(1491, "2022-09-05", 15, 17),
(1492, "2022-09-05", 16, 18),
(1493, "2022-09-05", 16, 18),
(1494, "2022-09-06", 2, 4),
(1495, "2022-09-06", 2, 4),
(1496, "2022-09-06", 1, 3),
(1497, "2022-09-06", 2, 4),
(1498, "2022-09-06", 2, 4),
(1499, "2022-09-06", 1, 3),
(1500, "2022-09-06", 1, 2),
(1501, "2022-09-06", 1, 3),
(1502, "2022-09-06", 1, 2),
(1503, "2022-09-06", 2, 4),
(1504, "2022-09-06", 3, 5),
(1505, "2022-09-06", 2, 4),
(1506, "2022-09-06", 1, 2),
(1507, "2022-09-06", 2, 4),
(1508, "2022-09-06", 3, 5),
(1509, "2022-09-06", 2, 4),
(1510, "2022-09-06", 3, 5),
(1511, "2022-09-06", 1, 1),
(1512, "2022-09-06", 4, 6),
(1513, "2022-09-06", 2, 4),
(1514, "2022-09-06", 1, 2),
(1515, "2022-09-06", 4, 6),
(1516, "2022-09-06", 2, 4),
(1517, "2022-09-06", 3, 5),
(1518, "2022-09-06", 2, 4),
(1519, "2022-09-06", 2, 4),
(1520, "2022-09-06", 3, 5),
(1521, "2022-09-06", 2, 4),
(1522, "2022-09-06", 2, 4),
(1523, "2022-09-06", 3, 5),
(1524, "2022-09-06", 4, 6),
(1525, "2022-09-06", 2, 4),
(1526, "2022-09-06", 2, 4),
(1527, "2022-09-06", 4, 6),
(1528, "2022-09-06", 2, 4),
(1529, "2022-09-06", 2, 4),
(1530, "2022-09-06", 1, 2),
(1531, "2022-09-06", 2, 4),
(1532, "2022-09-06", 3, 5),
(1533, "2022-09-06", 2, 4),
(1534, "2022-09-06", 4, 6),
(1535, "2022-09-06", 3, 5),
(1536, "2022-09-06", 3, 5),
(1537, "2022-09-06", 4, 6),
(1538, "2022-09-06", 3, 5),
(1539, "2022-09-06", 2, 4),
(1540, "2022-09-06", 3, 5),
(1541, "2022-09-06", 5, 7),
(1542, "2022-09-06", 2, 4),
(1543, "2022-09-06", 6, 8),
(1544, "2022-09-06", 1, 3),
(1545, "2022-09-06", 1, 3),
(1546, "2022-09-06", 1, 2),
(1547, "2022-09-06", 1, 3),
(1548, "2022-09-06", 1, 1),
(1549, "2022-09-06", 2, 4),
(1550, "2022-09-06", 1, 3),
(1551, "2022-09-06", 2, 4),
(1552, "2022-09-06", 2, 4),
(1553, "2022-09-06", 1, 2),
(1554, "2022-09-06", 1, 2),
(1555, "2022-09-06", 5, 7),
(1556, "2022-09-06", 2, 4),
(1557, "2022-09-06", 6, 8),
(1558, "2022-09-06", 1, 2),
(1559, "2022-09-06", 2, 4),
(1560, "2022-09-06", 5, 7),
(1561, "2022-09-06", 2, 4),
(1562, "2022-09-06", 1, 1),
(1563, "2022-09-06", 2, 4),
(1564, "2022-09-06", 1, 2),
(1565, "2022-09-06", 5, 7),
(1566, "2022-09-06", 1, 1),
(1567, "2022-09-06", 2, 4),
(1568, "2022-09-06", 5, 7),
(1569, "2022-09-06", 1, 1),
(1570, "2022-09-06", 6, 8),
(1571, "2022-09-06", 1, 3),
(1572, "2022-09-06", 1, 1),
(1573, "2022-09-06", 5, 7),
(1574, "2022-09-06", 5, 7),
(1575, "2022-09-06", 6, 8),
(1576, "2022-09-06", 2, 4),
(1577, "2022-09-06", 5, 7),
(1578, "2022-09-06", 1, 3),
(1579, "2022-09-06", 2, 4),
(1580, "2022-09-06", 2, 4),
(1581, "2022-09-06", 6, 8),
(1582, "2022-09-06", 5, 7),
(1583, "2022-09-06", 5, 7),
(1584, "2022-09-06", 2, 4),
(1585, "2022-09-06", 5, 7),
(1586, "2022-09-06", 6, 8),
(1587, "2022-09-06", 5, 7),
(1588, "2022-09-06", 1, 2),
(1589, "2022-09-06", 6, 8),
(1590, "2022-09-06", 1, 1),
(1591, "2022-09-06", 5, 7),
(1592, "2022-09-06", 5, 7),
(1593, "2022-09-06", 5, 7),
(1594, "2022-09-06", 6, 8),
(1595, "2022-09-06", 1, 1),
(1596, "2022-09-06", 1, 3),
(1597, "2022-09-06", 7, 9),
(1598, "2022-09-06", 1, 3),
(1599, "2022-09-06", 1, 1),
(1600, "2022-09-06", 7, 9),
(1601, "2022-09-06", 7, 9),
(1602, "2022-09-06", 9, 11),
(1603, "2022-09-06", 7, 9),
(1604, "2022-09-06", 9, 11),
(1605, "2022-09-06", 1, 3),
(1606, "2022-09-06", 1, 1),
(1607, "2022-09-06", 9, 11),
(1608, "2022-09-06", 8, 10),
(1609, "2022-09-06", 9, 11),
(1610, "2022-09-06", 1, 1),
(1611, "2022-09-06", 7, 9),
(1612, "2022-09-06", 8, 10),
(1613, "2022-09-06", 1, 2),
(1614, "2022-09-06", 7, 9),
(1615, "2022-09-06", 1, 1),
(1616, "2022-09-06", 7, 9),
(1617, "2022-09-06", 8, 10),
(1618, "2022-09-06", 8, 10),
(1619, "2022-09-06", 1, 1),
(1620, "2022-09-06", 9, 11),
(1621, "2022-09-06", 1, 1),
(1622, "2022-09-06", 8, 10),
(1623, "2022-09-06", 9, 11),
(1624, "2022-09-06", 1, 3),
(1625, "2022-09-06", 9, 11),
(1626, "2022-09-06", 9, 11),
(1627, "2022-09-06", 8, 10),
(1628, "2022-09-06", 1, 1),
(1629, "2022-09-06", 7, 9),
(1630, "2022-09-06", 9, 11),
(1631, "2022-09-06", 8, 10),
(1632, "2022-09-06", 8, 10),
(1633, "2022-09-06", 8, 10),
(1634, "2022-09-06", 9, 11),
(1635, "2022-09-06", 8, 10),
(1636, "2022-09-06", 9, 11),
(1637, "2022-09-06", 8, 10),
(1638, "2022-09-06", 7, 9),
(1639, "2022-09-06", 9, 11),
(1640, "2022-09-06", 8, 10),
(1641, "2022-09-06", 1, 2),
(1642, "2022-09-06", 7, 9),
(1643, "2022-09-06", 8, 10),
(1644, "2022-09-06", 7, 9),
(1645, "2022-09-06", 1, 1),
(1646, "2022-09-06", 1, 3),
(1647, "2022-09-06", 1, 1),
(1648, "2022-09-06", 7, 9),
(1649, "2022-09-06", 1, 3),
(1650, "2022-09-06", 1, 3),
(1651, "2022-09-06", 1, 2),
(1652, "2022-09-06", 11, 13),
(1653, "2022-09-06", 10, 12),
(1654, "2022-09-06", 7, 9),
(1655, "2022-09-06", 7, 9),
(1656, "2022-09-06", 1, 3),
(1657, "2022-09-06", 7, 9),
(1658, "2022-09-06", 7, 9),
(1659, "2022-09-06", 7, 9),
(1660, "2022-09-06", 1, 2),
(1661, "2022-09-06", 7, 9),
(1662, "2022-09-06", 7, 9),
(1663, "2022-09-06", 11, 13),
(1664, "2022-09-06", 1, 2),
(1665, "2022-09-06", 7, 9),
(1666, "2022-09-06", 1, 1),
(1667, "2022-09-06", 10, 12),
(1668, "2022-09-06", 7, 9),
(1669, "2022-09-06", 1, 3),
(1670, "2022-09-06", 7, 9),
(1671, "2022-09-06", 11, 13),
(1672, "2022-09-06", 11, 13),
(1673, "2022-09-06", 1, 2),
(1674, "2022-09-06", 11, 13),
(1675, "2022-09-06", 1, 2),
(1676, "2022-09-06", 11, 13),
(1677, "2022-09-06", 10, 12),
(1678, "2022-09-06", 7, 9),
(1679, "2022-09-06", 11, 13),
(1680, "2022-09-06", 10, 12),
(1681, "2022-09-06", 11, 13),
(1682, "2022-09-06", 7, 9),
(1683, "2022-09-06", 1, 3),
(1684, "2022-09-06", 7, 9),
(1685, "2022-09-06", 1, 1),
(1686, "2022-09-06", 11, 13),
(1687, "2022-09-06", 7, 9),
(1688, "2022-09-06", 10, 12),
(1689, "2022-09-06", 11, 13),
(1690, "2022-09-06", 10, 12),
(1691, "2022-09-06", 11, 13),
(1692, "2022-09-06", 11, 13),
(1693, "2022-09-06", 1, 1),
(1694, "2022-09-06", 11, 13),
(1695, "2022-09-06", 10, 12),
(1696, "2022-09-06", 12, 14),
(1697, "2022-09-06", 12, 14),
(1698, "2022-09-06", 1, 3),
(1699, "2022-09-06", 13, 15),
(1700, "2022-09-06", 14, 16),
(1701, "2022-09-06", 12, 14),
(1702, "2022-09-06", 1, 3),
(1703, "2022-09-06", 1, 1),
(1704, "2022-09-06", 1, 2),
(1705, "2022-09-06", 1, 2),
(1706, "2022-09-06", 12, 14),
(1707, "2022-09-06", 14, 16),
(1708, "2022-09-06", 1, 3),
(1709, "2022-09-06", 13, 15),
(1710, "2022-09-06", 13, 15),
(1711, "2022-09-06", 1, 1),
(1712, "2022-09-06", 12, 14),
(1713, "2022-09-06", 13, 15),
(1714, "2022-09-06", 12, 14),
(1715, "2022-09-06", 12, 14),
(1716, "2022-09-06", 13, 15),
(1717, "2022-09-06", 13, 15),
(1718, "2022-09-06", 13, 15),
(1719, "2022-09-06", 12, 14),
(1720, "2022-09-06", 1, 3),
(1721, "2022-09-06", 12, 14),
(1722, "2022-09-06", 14, 16),
(1723, "2022-09-06", 12, 14),
(1724, "2022-09-06", 1, 2),
(1725, "2022-09-06", 13, 15),
(1726, "2022-09-06", 12, 14),
(1727, "2022-09-06", 12, 14),
(1728, "2022-09-06", 14, 16),
(1729, "2022-09-06", 13, 15),
(1730, "2022-09-06", 1, 1),
(1731, "2022-09-06", 13, 15),
(1732, "2022-09-06", 14, 16),
(1733, "2022-09-06", 12, 14),
(1734, "2022-09-06", 1, 2),
(1735, "2022-09-06", 14, 16),
(1736, "2022-09-06", 13, 15),
(1737, "2022-09-06", 13, 15),
(1738, "2022-09-06", 12, 14),
(1739, "2022-09-06", 12, 14),
(1740, "2022-09-06", 1, 3),
(1741, "2022-09-06", 12, 14),
(1742, "2022-09-06", 13, 15),
(1743, "2022-09-06", 13, 15),
(1744, "2022-09-06", 14, 16),
(1745, "2022-09-06", 16, 18),
(1746, "2022-09-06", 1, 1),
(1747, "2022-09-06", 12, 14),
(1748, "2022-09-06", 16, 18),
(1749, "2022-09-06", 12, 14),
(1750, "2022-09-06", 12, 14),
(1751, "2022-09-06", 16, 18),
(1752, "2022-09-06", 1, 3),
(1753, "2022-09-06", 1, 2),
(1754, "2022-09-06", 16, 18),
(1755, "2022-09-06", 12, 14),
(1756, "2022-09-06", 12, 14),
(1757, "2022-09-06", 12, 14),
(1758, "2022-09-06", 1, 3),
(1759, "2022-09-06", 12, 14),
(1760, "2022-09-06", 1, 2),
(1761, "2022-09-06", 1, 2),
(1762, "2022-09-06", 12, 14),
(1763, "2022-09-06", 12, 14),
(1764, "2022-09-06", 1, 2),
(1765, "2022-09-06", 12, 14),
(1766, "2022-09-06", 15, 17),
(1767, "2022-09-06", 1, 2),
(1768, "2022-09-06", 16, 18),
(1769, "2022-09-06", 1, 1),
(1770, "2022-09-06", 1, 1),
(1771, "2022-09-06", 16, 18),
(1772, "2022-09-06", 1, 1),
(1773, "2022-09-06", 12, 14),
(1774, "2022-09-06", 15, 17),
(1775, "2022-09-06", 1, 3),
(1776, "2022-09-06", 12, 14),
(1777, "2022-09-06", 12, 14),
(1778, "2022-09-06", 12, 14),
(1779, "2022-09-06", 16, 18),
(1780, "2022-09-06", 12, 14),
(1781, "2022-09-06", 15, 17),
(1782, "2022-09-06", 12, 14),
(1783, "2022-09-06", 12, 14),
(1784, "2022-09-06", 15, 17),
(1785, "2022-09-06", 15, 17),
(1786, "2022-09-06", 15, 17),
(1787, "2022-09-06", 15, 17),
(1788, "2022-09-06", 15, 17),
(1789, "2022-09-06", 12, 14),
(1790, "2022-09-06", 16, 18),
(1791, "2022-09-06", 15, 17),
(1792, "2022-09-06", 16, 18),
(1793, "2022-09-06", 1, 2),
(1794, "2022-09-08", 3, 5),
(1795, "2022-09-08", 2, 4),
(1796, "2022-09-08", 3, 5),
(1797, "2022-09-08", 4, 6),
(1798, "2022-09-08", 2, 4),
(1799, "2022-09-08", 4, 6),
(1800, "2022-09-08", 2, 4),
(1801, "2022-09-08", 2, 4),
(1802, "2022-09-08", 1, 2),
(1803, "2022-09-08", 4, 6),
(1804, "2022-09-08", 2, 4),
(1805, "2022-09-08", 4, 6),
(1806, "2022-09-08", 2, 4),
(1807, "2022-09-08", 2, 4),
(1808, "2022-09-08", 1, 1),
(1809, "2022-09-08", 4, 6),
(1810, "2022-09-08", 2, 4),
(1811, "2022-09-08", 1, 1),
(1812, "2022-09-08", 1, 3),
(1813, "2022-09-08", 2, 4),
(1814, "2022-09-08", 4, 6),
(1815, "2022-09-08", 2, 4),
(1816, "2022-09-08", 4, 6),
(1817, "2022-09-08", 2, 4),
(1818, "2022-09-08", 1, 3),
(1819, "2022-09-08", 1, 2),
(1820, "2022-09-08", 1, 2),
(1821, "2022-09-08", 1, 2),
(1822, "2022-09-08", 4, 6),
(1823, "2022-09-08", 1, 3),
(1824, "2022-09-08", 4, 6),
(1825, "2022-09-08", 2, 4),
(1826, "2022-09-08", 3, 5),
(1827, "2022-09-08", 4, 6),
(1828, "2022-09-08", 4, 6),
(1829, "2022-09-08", 1, 2),
(1830, "2022-09-08", 3, 5),
(1831, "2022-09-08", 1, 2),
(1832, "2022-09-08", 2, 4),
(1833, "2022-09-08", 1, 2),
(1834, "2022-09-08", 4, 6),
(1835, "2022-09-08", 4, 6),
(1836, "2022-09-08", 3, 5),
(1837, "2022-09-08", 4, 6),
(1838, "2022-09-08", 4, 6),
(1839, "2022-09-08", 2, 4),
(1840, "2022-09-08", 2, 4),
(1841, "2022-09-08", 3, 5),
(1842, "2022-09-08", 1, 2),
(1843, "2022-09-08", 1, 3),
(1844, "2022-09-08", 2, 4),
(1845, "2022-09-08", 1, 2),
(1846, "2022-09-08", 2, 4),
(1847, "2022-09-08", 2, 4),
(1848, "2022-09-08", 2, 4),
(1849, "2022-09-08", 2, 4),
(1850, "2022-09-08", 1, 2),
(1851, "2022-09-08", 2, 4),
(1852, "2022-09-08", 2, 4),
(1853, "2022-09-08", 1, 3),
(1854, "2022-09-08", 6, 8),
(1855, "2022-09-08", 5, 7),
(1856, "2022-09-08", 1, 2),
(1857, "2022-09-08", 5, 7),
(1858, "2022-09-08", 2, 4),
(1859, "2022-09-08", 1, 2),
(1860, "2022-09-08", 2, 4),
(1861, "2022-09-08", 1, 3),
(1862, "2022-09-08", 6, 8),
(1863, "2022-09-08", 2, 4),
(1864, "2022-09-08", 2, 4),
(1865, "2022-09-08", 5, 7),
(1866, "2022-09-08", 2, 4),
(1867, "2022-09-08", 6, 8),
(1868, "2022-09-08", 2, 4),
(1869, "2022-09-08", 6, 8),
(1870, "2022-09-08", 5, 7),
(1871, "2022-09-08", 1, 1),
(1872, "2022-09-08", 1, 2),
(1873, "2022-09-08", 1, 1),
(1874, "2022-09-08", 2, 4),
(1875, "2022-09-08", 2, 4),
(1876, "2022-09-08", 6, 8),
(1877, "2022-09-08", 5, 7),
(1878, "2022-09-08", 5, 7),
(1879, "2022-09-08", 6, 8),
(1880, "2022-09-08", 2, 4),
(1881, "2022-09-08", 6, 8),
(1882, "2022-09-08", 2, 4),
(1883, "2022-09-08", 5, 7),
(1884, "2022-09-08", 2, 4),
(1885, "2022-09-08", 5, 7),
(1886, "2022-09-08", 2, 4),
(1887, "2022-09-08", 5, 7),
(1888, "2022-09-08", 5, 7),
(1889, "2022-09-08", 2, 4),
(1890, "2022-09-08", 1, 2),
(1891, "2022-09-08", 1, 3),
(1892, "2022-09-08", 7, 9),
(1893, "2022-09-08", 7, 9),
(1894, "2022-09-08", 1, 2),
(1895, "2022-09-08", 8, 10),
(1896, "2022-09-08", 7, 9),
(1897, "2022-09-08", 8, 10),
(1898, "2022-09-08", 9, 11),
(1899, "2022-09-08", 9, 11),
(1900, "2022-09-08", 1, 2),
(1901, "2022-09-08", 1, 2),
(1902, "2022-09-08", 7, 9),
(1903, "2022-09-08", 9, 11),
(1904, "2022-09-08", 1, 2),
(1905, "2022-09-08", 1, 3),
(1906, "2022-09-08", 9, 11),
(1907, "2022-09-08", 1, 3),
(1908, "2022-09-08", 1, 3),
(1909, "2022-09-08", 7, 9),
(1910, "2022-09-08", 1, 3),
(1911, "2022-09-08", 9, 11),
(1912, "2022-09-08", 1, 3),
(1913, "2022-09-08", 8, 10),
(1914, "2022-09-08", 1, 2),
(1915, "2022-09-08", 7, 9),
(1916, "2022-09-08", 7, 9),
(1917, "2022-09-08", 7, 9),
(1918, "2022-09-08", 1, 3),
(1919, "2022-09-08", 8, 10),
(1920, "2022-09-08", 9, 11),
(1921, "2022-09-08", 8, 10),
(1922, "2022-09-08", 8, 10),
(1923, "2022-09-08", 8, 10),
(1924, "2022-09-08", 9, 11),
(1925, "2022-09-08", 1, 1),
(1926, "2022-09-08", 7, 9),
(1927, "2022-09-08", 7, 9),
(1928, "2022-09-08", 1, 3),
(1929, "2022-09-08", 8, 10),
(1930, "2022-09-08", 8, 10),
(1931, "2022-09-08", 8, 10),
(1932, "2022-09-08", 1, 1),
(1933, "2022-09-08", 7, 9),
(1934, "2022-09-08", 8, 10),
(1935, "2022-09-08", 1, 1),
(1936, "2022-09-08", 7, 9),
(1937, "2022-09-08", 7, 9),
(1938, "2022-09-08", 10, 12),
(1939, "2022-09-08", 7, 9),
(1940, "2022-09-08", 1, 2),
(1941, "2022-09-08", 1, 3),
(1942, "2022-09-08", 11, 13),
(1943, "2022-09-08", 7, 9),
(1944, "2022-09-08", 1, 3),
(1945, "2022-09-08", 7, 9),
(1946, "2022-09-08", 1, 3),
(1947, "2022-09-08", 1, 1),
(1948, "2022-09-08", 7, 9),
(1949, "2022-09-08", 1, 1),
(1950, "2022-09-08", 7, 9),
(1951, "2022-09-08", 1, 3),
(1952, "2022-09-08", 10, 12),
(1953, "2022-09-08", 7, 9),
(1954, "2022-09-08", 11, 13),
(1955, "2022-09-08", 10, 12),
(1956, "2022-09-08", 11, 13),
(1957, "2022-09-08", 10, 12),
(1958, "2022-09-08", 11, 13),
(1959, "2022-09-08", 7, 9),
(1960, "2022-09-08", 7, 9),
(1961, "2022-09-08", 10, 12),
(1962, "2022-09-08", 11, 13),
(1963, "2022-09-08", 1, 3),
(1964, "2022-09-08", 11, 13),
(1965, "2022-09-08", 1, 2),
(1966, "2022-09-08", 7, 9),
(1967, "2022-09-08", 11, 13),
(1968, "2022-09-08", 11, 13),
(1969, "2022-09-08", 7, 9),
(1970, "2022-09-08", 7, 9),
(1971, "2022-09-08", 11, 13),
(1972, "2022-09-08", 1, 1),
(1973, "2022-09-08", 1, 1),
(1974, "2022-09-08", 11, 13),
(1975, "2022-09-08", 1, 2),
(1976, "2022-09-08", 11, 13),
(1977, "2022-09-08", 11, 13),
(1978, "2022-09-08", 7, 9),
(1979, "2022-09-08", 7, 9),
(1980, "2022-09-08", 10, 12),
(1981, "2022-09-08", 11, 13),
(1982, "2022-09-08", 7, 9),
(1983, "2022-09-08", 11, 13),
(1984, "2022-09-08", 10, 12),
(1985, "2022-09-08", 14, 16),
(1986, "2022-09-08", 1, 3),
(1987, "2022-09-08", 1, 3),
(1988, "2022-09-08", 12, 14),
(1989, "2022-09-08", 13, 15),
(1990, "2022-09-08", 1, 2),
(1991, "2022-09-08", 13, 15),
(1992, "2022-09-08", 1, 3),
(1993, "2022-09-08", 12, 14),
(1994, "2022-09-08", 12, 14),
(1995, "2022-09-08", 1, 2),
(1996, "2022-09-08", 14, 16),
(1997, "2022-09-08", 1, 1),
(1998, "2022-09-08", 1, 2),
(1999, "2022-09-08", 1, 3),
(2000, "2022-09-08", 12, 14),
(2001, "2022-09-08", 1, 1),
(2002, "2022-09-08", 12, 14),
(2003, "2022-09-08", 12, 14),
(2004, "2022-09-08", 14, 16),
(2005, "2022-09-08", 12, 14),
(2006, "2022-09-08", 13, 15),
(2007, "2022-09-08", 1, 1),
(2008, "2022-09-08", 1, 3),
(2009, "2022-09-08", 12, 14),
(2010, "2022-09-08", 12, 14),
(2011, "2022-09-08", 1, 1),
(2012, "2022-09-08", 14, 16),
(2013, "2022-09-08", 14, 16),
(2014, "2022-09-08", 1, 1),
(2015, "2022-09-08", 1, 3),
(2016, "2022-09-08", 12, 14),
(2017, "2022-09-08", 14, 16),
(2018, "2022-09-08", 1, 2),
(2019, "2022-09-08", 12, 14),
(2020, "2022-09-08", 13, 15),
(2021, "2022-09-08", 13, 15),
(2022, "2022-09-08", 1, 1),
(2023, "2022-09-08", 12, 14),
(2024, "2022-09-08", 1, 1),
(2025, "2022-09-08", 14, 16),
(2026, "2022-09-08", 12, 14),
(2027, "2022-09-08", 13, 15),
(2028, "2022-09-08", 14, 16),
(2029, "2022-09-08", 12, 14),
(2030, "2022-09-08", 1, 1),
(2031, "2022-09-08", 13, 15),
(2032, "2022-09-08", 14, 16),
(2033, "2022-09-08", 14, 16),
(2034, "2022-09-08", 13, 15),
(2035, "2022-09-08", 16, 18),
(2036, "2022-09-08", 1, 1),
(2037, "2022-09-08", 12, 14),
(2038, "2022-09-08", 1, 2),
(2039, "2022-09-08", 16, 18),
(2040, "2022-09-08", 1, 1),
(2041, "2022-09-08", 12, 14),
(2042, "2022-09-08", 16, 18),
(2043, "2022-09-08", 12, 14),
(2044, "2022-09-08", 15, 17),
(2045, "2022-09-08", 12, 14),
(2046, "2022-09-08", 1, 1),
(2047, "2022-09-08", 12, 14),
(2048, "2022-09-08", 12, 14),
(2049, "2022-09-08", 1, 3),
(2050, "2022-09-08", 1, 3),
(2051, "2022-09-08", 15, 17),
(2052, "2022-09-08", 12, 14),
(2053, "2022-09-08", 1, 3),
(2054, "2022-09-08", 1, 1),
(2055, "2022-09-08", 1, 2),
(2056, "2022-09-08", 12, 14),
(2057, "2022-09-08", 15, 17),
(2058, "2022-09-08", 1, 1),
(2059, "2022-09-08", 1, 3),
(2060, "2022-09-08", 15, 17),
(2061, "2022-09-08", 16, 18),
(2062, "2022-09-08", 12, 14),
(2063, "2022-09-08", 1, 3),
(2064, "2022-09-08", 1, 3),
(2065, "2022-09-08", 15, 17),
(2066, "2022-09-08", 16, 18),
(2067, "2022-09-08", 16, 18),
(2068, "2022-09-08", 12, 14),
(2069, "2022-09-08", 15, 17),
(2070, "2022-09-08", 15, 17),
(2071, "2022-09-08", 16, 18),
(2072, "2022-09-08", 16, 18),
(2073, "2022-09-08", 12, 14),
(2074, "2022-09-08", 12, 14),
(2075, "2022-09-08", 1, 3),
(2076, "2022-09-08", 1, 2),
(2077, "2022-09-08", 12, 14),
(2078, "2022-09-08", 16, 18),
(2079, "2022-09-08", 15, 17),
(2080, "2022-09-08", 15, 17),
(2081, "2022-09-08", 15, 17),
(2082, "2022-09-08", 15, 17),
(2083, "2022-09-08", 15, 17),
(2084, "2022-09-08", 15, 17),
(2085, "2022-09-08", 15, 17),
(2086, "2022-09-09", 2, 4),
(2087, "2022-09-09", 3, 5),
(2088, "2022-09-09", 2, 4),
(2089, "2022-09-09", 1, 2),
(2090, "2022-09-09", 2, 4),
(2091, "2022-09-09", 3, 5),
(2092, "2022-09-09", 3, 5),
(2093, "2022-09-09", 2, 4),
(2094, "2022-09-09", 3, 5),
(2095, "2022-09-09", 1, 3),
(2096, "2022-09-09", 1, 2),
(2097, "2022-09-09", 4, 6),
(2098, "2022-09-09", 2, 4),
(2099, "2022-09-09", 3, 5),
(2100, "2022-09-09", 2, 4),
(2101, "2022-09-09", 2, 4),
(2102, "2022-09-09", 2, 4),
(2103, "2022-09-09", 1, 2),
(2104, "2022-09-09", 4, 6),
(2105, "2022-09-09", 4, 6),
(2106, "2022-09-09", 4, 6),
(2107, "2022-09-09", 3, 5),
(2108, "2022-09-09", 1, 1),
(2109, "2022-09-09", 1, 2),
(2110, "2022-09-09", 3, 5),
(2111, "2022-09-09", 2, 4),
(2112, "2022-09-09", 2, 4),
(2113, "2022-09-09", 4, 6),
(2114, "2022-09-09", 2, 4),
(2115, "2022-09-09", 2, 4),
(2116, "2022-09-09", 3, 5),
(2117, "2022-09-09", 3, 5),
(2118, "2022-09-09", 1, 3),
(2119, "2022-09-09", 3, 5),
(2120, "2022-09-09", 4, 6),
(2121, "2022-09-09", 2, 4),
(2122, "2022-09-09", 4, 6),
(2123, "2022-09-09", 2, 4),
(2124, "2022-09-09", 3, 5),
(2125, "2022-09-09", 4, 6),
(2126, "2022-09-09", 4, 6),
(2127, "2022-09-09", 4, 6),
(2128, "2022-09-09", 4, 6),
(2129, "2022-09-09", 2, 4),
(2130, "2022-09-09", 3, 5),
(2131, "2022-09-09", 4, 6),
(2132, "2022-09-09", 4, 6),
(2133, "2022-09-09", 3, 5),
(2134, "2022-09-09", 4, 6),
(2135, "2022-09-09", 3, 5),
(2136, "2022-09-09", 2, 4),
(2137, "2022-09-09", 1, 1),
(2138, "2022-09-09", 5, 7),
(2139, "2022-09-09", 1, 3),
(2140, "2022-09-09", 1, 3),
(2141, "2022-09-09", 1, 1),
(2142, "2022-09-09", 1, 2),
(2143, "2022-09-09", 6, 8),
(2144, "2022-09-09", 1, 2),
(2145, "2022-09-09", 1, 3),
(2146, "2022-09-09", 2, 4),
(2147, "2022-09-09", 6, 8),
(2148, "2022-09-09", 2, 4),
(2149, "2022-09-09", 2, 4),
(2150, "2022-09-09", 1, 3),
(2151, "2022-09-09", 1, 1),
(2152, "2022-09-09", 1, 1),
(2153, "2022-09-09", 1, 3),
(2154, "2022-09-09", 5, 7),
(2155, "2022-09-09", 2, 4),
(2156, "2022-09-09", 1, 1),
(2157, "2022-09-09", 6, 8),
(2158, "2022-09-09", 6, 8),
(2159, "2022-09-09", 1, 1),
(2160, "2022-09-09", 5, 7),
(2161, "2022-09-09", 2, 4),
(2162, "2022-09-09", 2, 4),
(2163, "2022-09-09", 1, 2),
(2164, "2022-09-09", 1, 3),
(2165, "2022-09-09", 2, 4),
(2166, "2022-09-09", 2, 4),
(2167, "2022-09-09", 6, 8),
(2168, "2022-09-09", 5, 7),
(2169, "2022-09-09", 2, 4),
(2170, "2022-09-09", 6, 8),
(2171, "2022-09-09", 6, 8),
(2172, "2022-09-09", 5, 7),
(2173, "2022-09-09", 2, 4),
(2174, "2022-09-09", 6, 8),
(2175, "2022-09-09", 2, 4),
(2176, "2022-09-09", 6, 8),
(2177, "2022-09-09", 5, 7),
(2178, "2022-09-09", 1, 3),
(2179, "2022-09-09", 1, 1),
(2180, "2022-09-09", 1, 1),
(2181, "2022-09-09", 6, 8),
(2182, "2022-09-09", 8, 10),
(2183, "2022-09-09", 8, 10),
(2184, "2022-09-09", 7, 9),
(2185, "2022-09-09", 7, 9),
(2186, "2022-09-09", 7, 9),
(2187, "2022-09-09", 7, 9),
(2188, "2022-09-09", 7, 9),
(2189, "2022-09-09", 1, 3),
(2190, "2022-09-09", 7, 9),
(2191, "2022-09-09", 7, 9),
(2192, "2022-09-09", 7, 9),
(2193, "2022-09-09", 1, 3),
(2194, "2022-09-09", 1, 3),
(2195, "2022-09-09", 9, 11),
(2196, "2022-09-09", 7, 9),
(2197, "2022-09-09", 8, 10),
(2198, "2022-09-09", 1, 2),
(2199, "2022-09-09", 1, 1),
(2200, "2022-09-09", 7, 9),
(2201, "2022-09-09", 1, 2),
(2202, "2022-09-09", 7, 9),
(2203, "2022-09-09", 1, 3),
(2204, "2022-09-09", 9, 11),
(2205, "2022-09-09", 1, 1),
(2206, "2022-09-09", 1, 1),
(2207, "2022-09-09", 1, 2),
(2208, "2022-09-09", 7, 9),
(2209, "2022-09-09", 9, 11),
(2210, "2022-09-09", 7, 9),
(2211, "2022-09-09", 1, 2),
(2212, "2022-09-09", 8, 10),
(2213, "2022-09-09", 1, 3),
(2214, "2022-09-09", 9, 11),
(2215, "2022-09-09", 1, 1),
(2216, "2022-09-09", 9, 11),
(2217, "2022-09-09", 9, 11),
(2218, "2022-09-09", 1, 1),
(2219, "2022-09-09", 1, 1),
(2220, "2022-09-09", 9, 11),
(2221, "2022-09-09", 7, 9),
(2222, "2022-09-09", 9, 11),
(2223, "2022-09-09", 1, 2),
(2224, "2022-09-09", 8, 10),
(2225, "2022-09-09", 8, 10),
(2226, "2022-09-09", 9, 11),
(2227, "2022-09-09", 9, 11),
(2228, "2022-09-09", 8, 10),
(2229, "2022-09-09", 1, 2),
(2230, "2022-09-09", 9, 11),
(2231, "2022-09-09", 7, 9),
(2232, "2022-09-09", 1, 2),
(2233, "2022-09-09", 1, 2),
(2234, "2022-09-09", 8, 10),
(2235, "2022-09-09", 1, 2),
(2236, "2022-09-09", 1, 2),
(2237, "2022-09-09", 7, 9),
(2238, "2022-09-09", 10, 12),
(2239, "2022-09-09", 7, 9),
(2240, "2022-09-09", 7, 9),
(2241, "2022-09-09", 7, 9),
(2242, "2022-09-09", 7, 9),
(2243, "2022-09-09", 7, 9),
(2244, "2022-09-09", 1, 3),
(2245, "2022-09-09", 7, 9),
(2246, "2022-09-09", 10, 12),
(2247, "2022-09-09", 11, 13),
(2248, "2022-09-09", 7, 9),
(2249, "2022-09-09", 1, 1),
(2250, "2022-09-09", 10, 12),
(2251, "2022-09-09", 10, 12),
(2252, "2022-09-09", 1, 2),
(2253, "2022-09-09", 10, 12),
(2254, "2022-09-09", 7, 9),
(2255, "2022-09-09", 1, 2),
(2256, "2022-09-09", 1, 3),
(2257, "2022-09-09", 7, 9),
(2258, "2022-09-09", 7, 9),
(2259, "2022-09-09", 1, 1),
(2260, "2022-09-09", 1, 3),
(2261, "2022-09-09", 11, 13),
(2262, "2022-09-09", 7, 9),
(2263, "2022-09-09", 7, 9),
(2264, "2022-09-09", 7, 9),
(2265, "2022-09-09", 1, 1),
(2266, "2022-09-09", 1, 1),
(2267, "2022-09-09", 7, 9),
(2268, "2022-09-09", 11, 13),
(2269, "2022-09-09", 7, 9),
(2270, "2022-09-09", 7, 9),
(2271, "2022-09-09", 10, 12),
(2272, "2022-09-09", 10, 12),
(2273, "2022-09-09", 11, 13),
(2274, "2022-09-09", 1, 3),
(2275, "2022-09-09", 7, 9),
(2276, "2022-09-09", 1, 1),
(2277, "2022-09-09", 11, 13),
(2278, "2022-09-09", 7, 9),
(2279, "2022-09-09", 11, 13),
(2280, "2022-09-09", 10, 12),
(2281, "2022-09-09", 10, 12),
(2282, "2022-09-09", 10, 12),
(2283, "2022-09-09", 11, 13),
(2284, "2022-09-09", 10, 12),
(2285, "2022-09-09", 7, 9),
(2286, "2022-09-09", 7, 9),
(2287, "2022-09-09", 12, 14),
(2288, "2022-09-09", 1, 2),
(2289, "2022-09-09", 1, 3),
(2290, "2022-09-09", 1, 1),
(2291, "2022-09-09", 12, 14),
(2292, "2022-09-09", 14, 16),
(2293, "2022-09-09", 1, 2),
(2294, "2022-09-09", 12, 14),
(2295, "2022-09-09", 13, 15),
(2296, "2022-09-09", 1, 1),
(2297, "2022-09-09", 1, 2),
(2298, "2022-09-09", 12, 14),
(2299, "2022-09-09", 12, 14),
(2300, "2022-09-09", 13, 15),
(2301, "2022-09-09", 1, 2),
(2302, "2022-09-09", 12, 14),
(2303, "2022-09-09", 13, 15),
(2304, "2022-09-09", 12, 14),
(2305, "2022-09-09", 14, 16),
(2306, "2022-09-09", 12, 14),
(2307, "2022-09-09", 14, 16),
(2308, "2022-09-09", 12, 14),
(2309, "2022-09-09", 13, 15),
(2310, "2022-09-09", 13, 15),
(2311, "2022-09-09", 1, 3),
(2312, "2022-09-09", 14, 16),
(2313, "2022-09-09", 12, 14),
(2314, "2022-09-09", 14, 16),
(2315, "2022-09-09", 12, 14),
(2316, "2022-09-09", 12, 14),
(2317, "2022-09-09", 1, 1),
(2318, "2022-09-09", 14, 16),
(2319, "2022-09-09", 13, 15),
(2320, "2022-09-09", 13, 15),
(2321, "2022-09-09", 12, 14),
(2322, "2022-09-09", 14, 16),
(2323, "2022-09-09", 12, 14),
(2324, "2022-09-09", 12, 14),
(2325, "2022-09-09", 14, 16),
(2326, "2022-09-09", 14, 16),
(2327, "2022-09-09", 13, 15),
(2328, "2022-09-09", 14, 16),
(2329, "2022-09-09", 14, 16),
(2330, "2022-09-09", 12, 14),
(2331, "2022-09-09", 13, 15),
(2332, "2022-09-09", 12, 14),
(2333, "2022-09-09", 1, 1),
(2334, "2022-09-09", 12, 14),
(2335, "2022-09-09", 14, 16),
(2336, "2022-09-09", 1, 1),
(2337, "2022-09-09", 1, 3),
(2338, "2022-09-09", 12, 14),
(2339, "2022-09-09", 1, 3),
(2340, "2022-09-09", 1, 1),
(2341, "2022-09-09", 12, 14),
(2342, "2022-09-09", 16, 18),
(2343, "2022-09-09", 12, 14),
(2344, "2022-09-09", 1, 2),
(2345, "2022-09-09", 12, 14),
(2346, "2022-09-09", 1, 3),
(2347, "2022-09-09", 12, 14),
(2348, "2022-09-09", 1, 2),
(2349, "2022-09-09", 1, 2),
(2350, "2022-09-09", 15, 17),
(2351, "2022-09-09", 15, 17),
(2352, "2022-09-09", 12, 14),
(2353, "2022-09-09", 12, 14),
(2354, "2022-09-09", 15, 17),
(2355, "2022-09-09", 12, 14),
(2356, "2022-09-09", 15, 17),
(2357, "2022-09-09", 16, 18),
(2358, "2022-09-09", 12, 14),
(2359, "2022-09-09", 12, 14),
(2360, "2022-09-09", 12, 14),
(2361, "2022-09-09", 12, 14),
(2362, "2022-09-09", 12, 14),
(2363, "2022-09-09", 16, 18),
(2364, "2022-09-09", 1, 3),
(2365, "2022-09-09", 1, 2),
(2366, "2022-09-09", 12, 14),
(2367, "2022-09-09", 15, 17),
(2368, "2022-09-09", 16, 18),
(2369, "2022-09-09", 12, 14),
(2370, "2022-09-09", 16, 18),
(2371, "2022-09-09", 15, 17),
(2372, "2022-09-09", 15, 17),
(2373, "2022-09-09", 16, 18),
(2374, "2022-09-09", 1, 1),
(2375, "2022-09-09", 16, 18),
(2376, "2022-09-09", 12, 14),
(2377, "2022-09-09", 12, 14),
(2378, "2022-09-09", 12, 14),
(2379, "2022-09-09", 15, 17),
(2380, "2022-09-09", 15, 17),
(2381, "2022-09-09", 1, 3),
(2382, "2022-09-09", 16, 18),
(2383, "2022-09-09", 15, 17),
(2384, "2022-09-09", 16, 18),
(2385, "2022-09-09", 15, 17),
(2386, "2022-09-09", 16, 18),
(2387, "2022-09-09", 16, 18),
(2388, "2022-09-09", 15, 17),
(2389, "2022-09-09", 15, 17),
(2390, "2022-09-09", 16, 18),
(2391, "2022-09-09", 16, 18),
(2392, "2022-09-09", 12, 14),
(2393, "2022-09-09", 16, 18),
(2394, "2022-09-09", 15, 17),
(2395, "2022-09-10", 2, 4),
(2396, "2022-09-10", 1, 1),
(2397, "2022-09-10", 1, 3),
(2398, "2022-09-10", 2, 4),
(2399, "2022-09-10", 2, 4),
(2400, "2022-09-10", 2, 4),
(2401, "2022-09-10", 1, 3),
(2402, "2022-09-10", 4, 6),
(2403, "2022-09-10", 4, 6),
(2404, "2022-09-10", 2, 4),
(2405, "2022-09-10", 2, 4),
(2406, "2022-09-10", 1, 1),
(2407, "2022-09-10", 1, 3),
(2408, "2022-09-10", 1, 2),
(2409, "2022-09-10", 2, 4),
(2410, "2022-09-10", 3, 5),
(2411, "2022-09-10", 3, 5),
(2412, "2022-09-10", 2, 4),
(2413, "2022-09-10", 4, 6),
(2414, "2022-09-10", 4, 6),
(2415, "2022-09-10", 1, 1),
(2416, "2022-09-10", 3, 5),
(2417, "2022-09-10", 1, 2),
(2418, "2022-09-10", 2, 4),
(2419, "2022-09-10", 4, 6),
(2420, "2022-09-10", 1, 1),
(2421, "2022-09-10", 2, 4),
(2422, "2022-09-10", 2, 4),
(2423, "2022-09-10", 3, 5),
(2424, "2022-09-10", 2, 4),
(2425, "2022-09-10", 3, 5),
(2426, "2022-09-10", 1, 1),
(2427, "2022-09-10", 4, 6),
(2428, "2022-09-10", 2, 4),
(2429, "2022-09-10", 1, 3),
(2430, "2022-09-10", 3, 5),
(2431, "2022-09-10", 4, 6),
(2432, "2022-09-10", 1, 3),
(2433, "2022-09-10", 2, 4),
(2434, "2022-09-10", 3, 5),
(2435, "2022-09-10", 1, 2),
(2436, "2022-09-10", 4, 6),
(2437, "2022-09-10", 3, 5),
(2438, "2022-09-10", 1, 2),
(2439, "2022-09-10", 2, 4),
(2440, "2022-09-10", 3, 5),
(2441, "2022-09-10", 4, 6),
(2442, "2022-09-10", 4, 6),
(2443, "2022-09-10", 1, 1),
(2444, "2022-09-10", 2, 4),
(2445, "2022-09-10", 3, 5),
(2446, "2022-09-10", 3, 5),
(2447, "2022-09-10", 3, 5),
(2448, "2022-09-10", 2, 4),
(2449, "2022-09-10", 2, 4),
(2450, "2022-09-10", 2, 4),
(2451, "2022-09-10", 1, 3),
(2452, "2022-09-10", 6, 8),
(2453, "2022-09-10", 1, 3),
(2454, "2022-09-10", 1, 2),
(2455, "2022-09-10", 2, 4),
(2456, "2022-09-10", 1, 1),
(2457, "2022-09-10", 2, 4),
(2458, "2022-09-10", 2, 4),
(2459, "2022-09-10", 2, 4),
(2460, "2022-09-10", 2, 4),
(2461, "2022-09-10", 2, 4),
(2462, "2022-09-10", 2, 4),
(2463, "2022-09-10", 6, 8),
(2464, "2022-09-10", 2, 4),
(2465, "2022-09-10", 2, 4),
(2466, "2022-09-10", 2, 4),
(2467, "2022-09-10", 1, 2),
(2468, "2022-09-10", 6, 8),
(2469, "2022-09-10", 6, 8),
(2470, "2022-09-10", 1, 3),
(2471, "2022-09-10", 1, 2),
(2472, "2022-09-10", 1, 3),
(2473, "2022-09-10", 2, 4),
(2474, "2022-09-10", 1, 3),
(2475, "2022-09-10", 6, 8),
(2476, "2022-09-10", 1, 1),
(2477, "2022-09-10", 6, 8),
(2478, "2022-09-10", 5, 7),
(2479, "2022-09-10", 5, 7),
(2480, "2022-09-10", 1, 2),
(2481, "2022-09-10", 5, 7),
(2482, "2022-09-10", 2, 4),
(2483, "2022-09-10", 1, 2),
(2484, "2022-09-10", 5, 7),
(2485, "2022-09-10", 2, 4),
(2486, "2022-09-10", 2, 4),
(2487, "2022-09-10", 5, 7),
(2488, "2022-09-10", 5, 7),
(2489, "2022-09-10", 1, 1),
(2490, "2022-09-10", 6, 8),
(2491, "2022-09-10", 6, 8),
(2492, "2022-09-10", 6, 8),
(2493, "2022-09-10", 6, 8),
(2494, "2022-09-10", 1, 2),
(2495, "2022-09-10", 6, 8),
(2496, "2022-09-10", 6, 8),
(2497, "2022-09-10", 6, 8),
(2498, "2022-09-10", 5, 7),
(2499, "2022-09-10", 2, 4),
(2500, "2022-09-10", 9, 11),
(2501, "2022-09-10", 1, 2),
(2502, "2022-09-10", 7, 9),
(2503, "2022-09-10", 7, 9),
(2504, "2022-09-10", 9, 11),
(2505, "2022-09-10", 7, 9),
(2506, "2022-09-10", 7, 9),
(2507, "2022-09-10", 7, 9),
(2508, "2022-09-10", 1, 3),
(2509, "2022-09-10", 7, 9),
(2510, "2022-09-10", 9, 11),
(2511, "2022-09-10", 8, 10),
(2512, "2022-09-10", 9, 11),
(2513, "2022-09-10", 9, 11),
(2514, "2022-09-10", 7, 9),
(2515, "2022-09-10", 8, 10),
(2516, "2022-09-10", 1, 3),
(2517, "2022-09-10", 7, 9),
(2518, "2022-09-10", 9, 11),
(2519, "2022-09-10", 9, 11),
(2520, "2022-09-10", 8, 10),
(2521, "2022-09-10", 9, 11),
(2522, "2022-09-10", 1, 2),
(2523, "2022-09-10", 7, 9),
(2524, "2022-09-10", 8, 10),
(2525, "2022-09-10", 1, 1),
(2526, "2022-09-10", 1, 3),
(2527, "2022-09-10", 1, 3),
(2528, "2022-09-10", 9, 11),
(2529, "2022-09-10", 9, 11),
(2530, "2022-09-10", 8, 10),
(2531, "2022-09-10", 9, 11),
(2532, "2022-09-10", 9, 11),
(2533, "2022-09-10", 7, 9),
(2534, "2022-09-10", 9, 11),
(2535, "2022-09-10", 7, 9),
(2536, "2022-09-10", 1, 2),
(2537, "2022-09-10", 7, 9),
(2538, "2022-09-10", 9, 11),
(2539, "2022-09-10", 1, 1),
(2540, "2022-09-10", 8, 10),
(2541, "2022-09-10", 9, 11),
(2542, "2022-09-10", 8, 10),
(2543, "2022-09-10", 9, 11),
(2544, "2022-09-10", 1, 3),
(2545, "2022-09-10", 8, 10),
(2546, "2022-09-10", 8, 10),
(2547, "2022-09-10", 1, 1),
(2548, "2022-09-10", 9, 11),
(2549, "2022-09-10", 10, 12),
(2550, "2022-09-10", 7, 9),
(2551, "2022-09-10", 1, 2),
(2552, "2022-09-10", 7, 9),
(2553, "2022-09-10", 7, 9),
(2554, "2022-09-10", 7, 9),
(2555, "2022-09-10", 1, 3),
(2556, "2022-09-10", 7, 9),
(2557, "2022-09-10", 10, 12),
(2558, "2022-09-10", 10, 12),
(2559, "2022-09-10", 10, 12),
(2560, "2022-09-10", 7, 9),
(2561, "2022-09-10", 7, 9),
(2562, "2022-09-10", 1, 1),
(2563, "2022-09-10", 7, 9),
(2564, "2022-09-10", 7, 9),
(2565, "2022-09-10", 10, 12),
(2566, "2022-09-10", 1, 2),
(2567, "2022-09-10", 10, 12),
(2568, "2022-09-10", 1, 2),
(2569, "2022-09-10", 11, 13),
(2570, "2022-09-10", 10, 12),
(2571, "2022-09-10", 7, 9),
(2572, "2022-09-10", 7, 9),
(2573, "2022-09-10", 1, 1),
(2574, "2022-09-10", 1, 1),
(2575, "2022-09-10", 1, 1),
(2576, "2022-09-10", 1, 1),
(2577, "2022-09-10", 1, 2),
(2578, "2022-09-10", 11, 13),
(2579, "2022-09-10", 7, 9),
(2580, "2022-09-10", 7, 9),
(2581, "2022-09-10", 1, 2),
(2582, "2022-09-10", 11, 13),
(2583, "2022-09-10", 11, 13),
(2584, "2022-09-10", 7, 9),
(2585, "2022-09-10", 7, 9),
(2586, "2022-09-10", 10, 12),
(2587, "2022-09-10", 1, 3),
(2588, "2022-09-10", 11, 13),
(2589, "2022-09-10", 1, 2),
(2590, "2022-09-10", 1, 2),
(2591, "2022-09-10", 1, 1),
(2592, "2022-09-10", 11, 13),
(2593, "2022-09-10", 10, 12),
(2594, "2022-09-10", 11, 13),
(2595, "2022-09-10", 12, 14),
(2596, "2022-09-10", 12, 14),
(2597, "2022-09-10", 1, 1),
(2598, "2022-09-10", 1, 3),
(2599, "2022-09-10", 13, 15),
(2600, "2022-09-10", 1, 1),
(2601, "2022-09-10", 1, 2),
(2602, "2022-09-10", 1, 3),
(2603, "2022-09-10", 13, 15),
(2604, "2022-09-10", 1, 3),
(2605, "2022-09-10", 12, 14),
(2606, "2022-09-10", 12, 14),
(2607, "2022-09-10", 1, 3),
(2608, "2022-09-10", 12, 14),
(2609, "2022-09-10", 1, 3),
(2610, "2022-09-10", 12, 14),
(2611, "2022-09-10", 12, 14),
(2612, "2022-09-10", 13, 15),
(2613, "2022-09-10", 12, 14),
(2614, "2022-09-10", 13, 15),
(2615, "2022-09-10", 14, 16),
(2616, "2022-09-10", 1, 1),
(2617, "2022-09-10", 14, 16),
(2618, "2022-09-10", 13, 15),
(2619, "2022-09-10", 13, 15),
(2620, "2022-09-10", 1, 3),
(2621, "2022-09-10", 13, 15),
(2622, "2022-09-10", 12, 14),
(2623, "2022-09-10", 12, 14),
(2624, "2022-09-10", 13, 15),
(2625, "2022-09-10", 13, 15),
(2626, "2022-09-10", 12, 14),
(2627, "2022-09-10", 1, 2),
(2628, "2022-09-10", 1, 3),
(2629, "2022-09-10", 14, 16),
(2630, "2022-09-10", 1, 2),
(2631, "2022-09-10", 13, 15),
(2632, "2022-09-10", 14, 16),
(2633, "2022-09-10", 13, 15),
(2634, "2022-09-10", 14, 16),
(2635, "2022-09-10", 1, 1),
(2636, "2022-09-10", 13, 15),
(2637, "2022-09-10", 13, 15),
(2638, "2022-09-10", 13, 15),
(2639, "2022-09-10", 1, 1),
(2640, "2022-09-10", 14, 16),
(2641, "2022-09-10", 1, 3),
(2642, "2022-09-10", 14, 16),
(2643, "2022-09-10", 14, 16),
(2644, "2022-09-10", 14, 16),
(2645, "2022-09-10", 14, 16),
(2646, "2022-09-10", 12, 14),
(2647, "2022-09-10", 1, 2),
(2648, "2022-09-10", 12, 14),
(2649, "2022-09-10", 1, 1),
(2650, "2022-09-10", 12, 14),
(2651, "2022-09-10", 1, 3),
(2652, "2022-09-10", 12, 14),
(2653, "2022-09-10", 12, 14),
(2654, "2022-09-10", 1, 3),
(2655, "2022-09-10", 1, 2),
(2656, "2022-09-10", 1, 2),
(2657, "2022-09-10", 15, 17),
(2658, "2022-09-10", 16, 18),
(2659, "2022-09-10", 16, 18),
(2660, "2022-09-10", 1, 2),
(2661, "2022-09-10", 1, 1),
(2662, "2022-09-10", 16, 18),
(2663, "2022-09-10", 1, 1),
(2664, "2022-09-10", 1, 3),
(2665, "2022-09-10", 16, 18),
(2666, "2022-09-10", 12, 14),
(2667, "2022-09-10", 12, 14),
(2668, "2022-09-10", 1, 1),
(2669, "2022-09-10", 12, 14),
(2670, "2022-09-10", 12, 14),
(2671, "2022-09-10", 16, 18),
(2672, "2022-09-10", 12, 14),
(2673, "2022-09-10", 1, 1),
(2674, "2022-09-10", 15, 17),
(2675, "2022-09-10", 1, 3),
(2676, "2022-09-10", 1, 3),
(2677, "2022-09-10", 15, 17),
(2678, "2022-09-10", 12, 14),
(2679, "2022-09-10", 15, 17),
(2680, "2022-09-10", 12, 14),
(2681, "2022-09-10", 16, 18),
(2682, "2022-09-10", 12, 14),
(2683, "2022-09-10", 12, 14),
(2684, "2022-09-10", 12, 14),
(2685, "2022-09-10", 1, 2),
(2686, "2022-09-10", 15, 17),
(2687, "2022-09-10", 15, 17),
(2688, "2022-09-10", 15, 17),
(2689, "2022-09-10", 15, 17),
(2690, "2022-09-10", 1, 3),
(2691, "2022-09-10", 16, 18),
(2692, "2022-09-10", 15, 17),
(2693, "2022-09-10", 15, 17),
(2694, "2022-09-10", 12, 14),
(2695, "2022-09-10", 16, 18),
(2696, "2022-09-11", 3, 5),
(2697, "2022-09-11", 2, 4),
(2698, "2022-09-11", 3, 5),
(2699, "2022-09-11", 4, 6),
(2700, "2022-09-11", 1, 2),
(2701, "2022-09-11", 4, 6),
(2702, "2022-09-11", 1, 1),
(2703, "2022-09-11", 1, 2),
(2704, "2022-09-11", 1, 2),
(2705, "2022-09-11", 2, 4),
(2706, "2022-09-11", 4, 6),
(2707, "2022-09-11", 3, 5),
(2708, "2022-09-11", 1, 2),
(2709, "2022-09-11", 2, 4),
(2710, "2022-09-11", 2, 4),
(2711, "2022-09-11", 4, 6),
(2712, "2022-09-11", 4, 6),
(2713, "2022-09-11", 1, 3),
(2714, "2022-09-11", 3, 5),
(2715, "2022-09-11", 2, 4),
(2716, "2022-09-11", 3, 5),
(2717, "2022-09-11", 4, 6),
(2718, "2022-09-11", 4, 6),
(2719, "2022-09-11", 3, 5),
(2720, "2022-09-11", 3, 5),
(2721, "2022-09-11", 2, 4),
(2722, "2022-09-11", 1, 3),
(2723, "2022-09-11", 3, 5),
(2724, "2022-09-11", 2, 4),
(2725, "2022-09-11", 2, 4),
(2726, "2022-09-11", 1, 2),
(2727, "2022-09-11", 1, 2),
(2728, "2022-09-11", 3, 5),
(2729, "2022-09-11", 2, 4),
(2730, "2022-09-11", 1, 3),
(2731, "2022-09-11", 3, 5),
(2732, "2022-09-11", 3, 5),
(2733, "2022-09-11", 2, 4),
(2734, "2022-09-11", 4, 6),
(2735, "2022-09-11", 2, 4),
(2736, "2022-09-11", 4, 6),
(2737, "2022-09-11", 1, 2),
(2738, "2022-09-11", 4, 6),
(2739, "2022-09-11", 3, 5),
(2740, "2022-09-11", 4, 6),
(2741, "2022-09-11", 3, 5),
(2742, "2022-09-11", 3, 5),
(2743, "2022-09-11", 4, 6),
(2744, "2022-09-11", 3, 5),
(2745, "2022-09-11", 2, 4),
(2746, "2022-09-11", 2, 4),
(2747, "2022-09-11", 5, 7),
(2748, "2022-09-11", 6, 8),
(2749, "2022-09-11", 2, 4),
(2750, "2022-09-11", 2, 4),
(2751, "2022-09-11", 1, 3),
(2752, "2022-09-11", 6, 8),
(2753, "2022-09-11", 2, 4),
(2754, "2022-09-11", 2, 4),
(2755, "2022-09-11", 2, 4),
(2756, "2022-09-11", 1, 2),
(2757, "2022-09-11", 2, 4),
(2758, "2022-09-11", 5, 7),
(2759, "2022-09-11", 5, 7),
(2760, "2022-09-11", 2, 4),
(2761, "2022-09-11", 1, 3),
(2762, "2022-09-11", 2, 4),
(2763, "2022-09-11", 1, 3),
(2764, "2022-09-11", 2, 4),
(2765, "2022-09-11", 2, 4),
(2766, "2022-09-11", 5, 7),
(2767, "2022-09-11", 6, 8),
(2768, "2022-09-11", 5, 7),
(2769, "2022-09-11", 2, 4),
(2770, "2022-09-11", 2, 4),
(2771, "2022-09-11", 2, 4),
(2772, "2022-09-11", 2, 4),
(2773, "2022-09-11", 2, 4),
(2774, "2022-09-11", 1, 2),
(2775, "2022-09-11", 1, 2),
(2776, "2022-09-11", 6, 8),
(2777, "2022-09-11", 5, 7),
(2778, "2022-09-11", 2, 4),
(2779, "2022-09-11", 1, 1),
(2780, "2022-09-11", 1, 3),
(2781, "2022-09-11", 5, 7),
(2782, "2022-09-11", 6, 8),
(2783, "2022-09-11", 1, 2),
(2784, "2022-09-11", 1, 1),
(2785, "2022-09-11", 5, 7),
(2786, "2022-09-11", 6, 8),
(2787, "2022-09-11", 2, 4),
(2788, "2022-09-11", 1, 2),
(2789, "2022-09-11", 5, 7),
(2790, "2022-09-11", 1, 2),
(2791, "2022-09-11", 6, 8),
(2792, "2022-09-11", 6, 8),
(2793, "2022-09-11", 6, 8),
(2794, "2022-09-11", 2, 4),
(2795, "2022-09-11", 5, 7),
(2796, "2022-09-11", 6, 8),
(2797, "2022-09-11", 6, 8),
(2798, "2022-09-11", 2, 4),
(2799, "2022-09-11", 1, 3),
(2800, "2022-09-11", 7, 9),
(2801, "2022-09-11", 7, 9),
(2802, "2022-09-11", 1, 2),
(2803, "2022-09-11", 1, 3),
(2804, "2022-09-11", 1, 1),
(2805, "2022-09-11", 1, 3),
(2806, "2022-09-11", 7, 9),
(2807, "2022-09-11", 1, 1),
(2808, "2022-09-11", 8, 10),
(2809, "2022-09-11", 1, 1),
(2810, "2022-09-11", 8, 10),
(2811, "2022-09-11", 7, 9),
(2812, "2022-09-11", 1, 1),
(2813, "2022-09-11", 7, 9),
(2814, "2022-09-11", 7, 9),
(2815, "2022-09-11", 7, 9),
(2816, "2022-09-11", 1, 2),
(2817, "2022-09-11", 9, 11),
(2818, "2022-09-11", 9, 11),
(2819, "2022-09-11", 8, 10),
(2820, "2022-09-11", 8, 10),
(2821, "2022-09-11", 9, 11),
(2822, "2022-09-11", 8, 10),
(2823, "2022-09-11", 8, 10),
(2824, "2022-09-11", 9, 11),
(2825, "2022-09-11", 8, 10),
(2826, "2022-09-11", 1, 3),
(2827, "2022-09-11", 9, 11),
(2828, "2022-09-11", 8, 10),
(2829, "2022-09-11", 8, 10),
(2830, "2022-09-11", 7, 9),
(2831, "2022-09-11", 9, 11),
(2832, "2022-09-11", 7, 9),
(2833, "2022-09-11", 1, 2),
(2834, "2022-09-11", 9, 11),
(2835, "2022-09-11", 1, 2),
(2836, "2022-09-11", 7, 9),
(2837, "2022-09-11", 8, 10),
(2838, "2022-09-11", 1, 3),
(2839, "2022-09-11", 1, 3),
(2840, "2022-09-11", 9, 11),
(2841, "2022-09-11", 7, 9),
(2842, "2022-09-11", 8, 10),
(2843, "2022-09-11", 7, 9),
(2844, "2022-09-11", 8, 10),
(2845, "2022-09-11", 7, 9),
(2846, "2022-09-11", 9, 11),
(2847, "2022-09-11", 9, 11),
(2848, "2022-09-11", 8, 10),
(2849, "2022-09-11", 1, 2),
(2850, "2022-09-11", 1, 3),
(2851, "2022-09-11", 1, 1),
(2852, "2022-09-11", 7, 9),
(2853, "2022-09-11", 1, 1),
(2854, "2022-09-11", 1, 3),
(2855, "2022-09-11", 7, 9),
(2856, "2022-09-11", 11, 13),
(2857, "2022-09-11", 1, 1),
(2858, "2022-09-11", 10, 12),
(2859, "2022-09-11", 7, 9),
(2860, "2022-09-11", 7, 9),
(2861, "2022-09-11", 1, 2),
(2862, "2022-09-11", 7, 9),
(2863, "2022-09-11", 11, 13),
(2864, "2022-09-11", 7, 9),
(2865, "2022-09-11", 11, 13),
(2866, "2022-09-11", 7, 9),
(2867, "2022-09-11", 1, 3),
(2868, "2022-09-11", 1, 1),
(2869, "2022-09-11", 7, 9),
(2870, "2022-09-11", 7, 9),
(2871, "2022-09-11", 7, 9),
(2872, "2022-09-11", 1, 1),
(2873, "2022-09-11", 7, 9),
(2874, "2022-09-11", 7, 9),
(2875, "2022-09-11", 7, 9),
(2876, "2022-09-11", 10, 12),
(2877, "2022-09-11", 7, 9),
(2878, "2022-09-11", 11, 13),
(2879, "2022-09-11", 1, 1),
(2880, "2022-09-11", 7, 9),
(2881, "2022-09-11", 1, 2),
(2882, "2022-09-11", 7, 9),
(2883, "2022-09-11", 10, 12),
(2884, "2022-09-11", 1, 2),
(2885, "2022-09-11", 10, 12),
(2886, "2022-09-11", 11, 13),
(2887, "2022-09-11", 10, 12),
(2888, "2022-09-11", 11, 13),
(2889, "2022-09-11", 11, 13),
(2890, "2022-09-11", 11, 13),
(2891, "2022-09-11", 1, 3),
(2892, "2022-09-11", 10, 12),
(2893, "2022-09-11", 1, 3),
(2894, "2022-09-11", 11, 13),
(2895, "2022-09-11", 11, 13),
(2896, "2022-09-11", 10, 12),
(2897, "2022-09-11", 11, 13),
(2898, "2022-09-11", 11, 13),
(2899, "2022-09-11", 14, 16),
(2900, "2022-09-11", 13, 15),
(2901, "2022-09-11", 12, 14),
(2902, "2022-09-11", 1, 3),
(2903, "2022-09-11", 14, 16),
(2904, "2022-09-11", 1, 1),
(2905, "2022-09-11", 13, 15),
(2906, "2022-09-11", 12, 14),
(2907, "2022-09-11", 12, 14),
(2908, "2022-09-11", 1, 3),
(2909, "2022-09-11", 1, 2),
(2910, "2022-09-11", 1, 2),
(2911, "2022-09-11", 1, 2),
(2912, "2022-09-11", 13, 15),
(2913, "2022-09-11", 14, 16),
(2914, "2022-09-11", 14, 16),
(2915, "2022-09-11", 1, 1),
(2916, "2022-09-11", 1, 1),
(2917, "2022-09-11", 12, 14),
(2918, "2022-09-11", 1, 2),
(2919, "2022-09-11", 1, 2),
(2920, "2022-09-11", 12, 14),
(2921, "2022-09-11", 12, 14),
(2922, "2022-09-11", 1, 1),
(2923, "2022-09-11", 1, 1),
(2924, "2022-09-11", 14, 16),
(2925, "2022-09-11", 13, 15),
(2926, "2022-09-11", 1, 2),
(2927, "2022-09-11", 13, 15),
(2928, "2022-09-11", 1, 3),
(2929, "2022-09-11", 1, 2),
(2930, "2022-09-11", 12, 14),
(2931, "2022-09-11", 1, 2),
(2932, "2022-09-11", 14, 16),
(2933, "2022-09-11", 14, 16),
(2934, "2022-09-11", 12, 14),
(2935, "2022-09-11", 12, 14),
(2936, "2022-09-11", 14, 16),
(2937, "2022-09-11", 13, 15),
(2938, "2022-09-11", 1, 3),
(2939, "2022-09-11", 13, 15),
(2940, "2022-09-11", 12, 14),
(2941, "2022-09-11", 13, 15),
(2942, "2022-09-11", 13, 15),
(2943, "2022-09-11", 1, 3),
(2944, "2022-09-11", 12, 14),
(2945, "2022-09-11", 16, 18),
(2946, "2022-09-11", 16, 18),
(2947, "2022-09-11", 12, 14),
(2948, "2022-09-11", 12, 14),
(2949, "2022-09-11", 1, 2),
(2950, "2022-09-11", 1, 2),
(2951, "2022-09-11", 1, 1),
(2952, "2022-09-11", 16, 18),
(2953, "2022-09-11", 1, 3),
(2954, "2022-09-11", 16, 18),
(2955, "2022-09-11", 12, 14),
(2956, "2022-09-11", 1, 2),
(2957, "2022-09-11", 1, 1),
(2958, "2022-09-11", 15, 17),
(2959, "2022-09-11", 12, 14),
(2960, "2022-09-11", 16, 18),
(2961, "2022-09-11", 16, 18),
(2962, "2022-09-11", 1, 3),
(2963, "2022-09-11", 1, 3),
(2964, "2022-09-11", 16, 18),
(2965, "2022-09-11", 12, 14),
(2966, "2022-09-11", 12, 14),
(2967, "2022-09-11", 12, 14),
(2968, "2022-09-11", 16, 18),
(2969, "2022-09-11", 12, 14),
(2970, "2022-09-11", 12, 14),
(2971, "2022-09-11", 16, 18),
(2972, "2022-09-11", 16, 18),
(2973, "2022-09-11", 15, 17),
(2974, "2022-09-11", 16, 18),
(2975, "2022-09-11", 15, 17),
(2976, "2022-09-11", 12, 14),
(2977, "2022-09-11", 12, 14),
(2978, "2022-09-11", 1, 2),
(2979, "2022-09-11", 15, 17),
(2980, "2022-09-11", 16, 18),
(2981, "2022-09-11", 15, 17),
(2982, "2022-09-11", 15, 17),
(2983, "2022-09-11", 16, 18),
(2984, "2022-09-11", 1, 3),
(2985, "2022-09-11", 12, 14),
(2986, "2022-09-11", 16, 18),
(2987, "2022-09-11", 12, 14),
(2988, "2022-09-11", 1, 2),
(2989, "2022-09-12", 2, 4),
(2990, "2022-09-12", 4, 6),
(2991, "2022-09-12", 1, 2),
(2992, "2022-09-12", 4, 6),
(2993, "2022-09-12", 4, 6),
(2994, "2022-09-12", 2, 4),
(2995, "2022-09-12", 1, 3),
(2996, "2022-09-12", 2, 4),
(2997, "2022-09-12", 1, 1),
(2998, "2022-09-12", 2, 4),
(2999, "2022-09-12", 4, 6),
(3000, "2022-09-12", 1, 3),
(3001, "2022-09-12", 1, 3),
(3002, "2022-09-12", 1, 2),
(3003, "2022-09-12", 3, 5),
(3004, "2022-09-12", 2, 4),
(3005, "2022-09-12", 1, 2),
(3006, "2022-09-12", 3, 5),
(3007, "2022-09-12", 2, 4),
(3008, "2022-09-12", 1, 3),
(3009, "2022-09-12", 3, 5),
(3010, "2022-09-12", 3, 5),
(3011, "2022-09-12", 2, 4),
(3012, "2022-09-12", 4, 6),
(3013, "2022-09-12", 3, 5),
(3014, "2022-09-12", 4, 6),
(3015, "2022-09-12", 3, 5),
(3016, "2022-09-12", 2, 4),
(3017, "2022-09-12", 4, 6),
(3018, "2022-09-12", 1, 3),
(3019, "2022-09-12", 3, 5),
(3020, "2022-09-12", 2, 4),
(3021, "2022-09-12", 4, 6),
(3022, "2022-09-12", 3, 5),
(3023, "2022-09-12", 2, 4),
(3024, "2022-09-12", 4, 6),
(3025, "2022-09-12", 2, 4),
(3026, "2022-09-12", 2, 4),
(3027, "2022-09-12", 2, 4),
(3028, "2022-09-12", 3, 5),
(3029, "2022-09-12", 4, 6),
(3030, "2022-09-12", 4, 6),
(3031, "2022-09-12", 4, 6),
(3032, "2022-09-12", 4, 6),
(3033, "2022-09-12", 2, 4),
(3034, "2022-09-12", 4, 6),
(3035, "2022-09-12", 4, 6),
(3036, "2022-09-12", 1, 1),
(3037, "2022-09-12", 5, 7),
(3038, "2022-09-12", 2, 4),
(3039, "2022-09-12", 2, 4),
(3040, "2022-09-12", 2, 4),
(3041, "2022-09-12", 1, 3),
(3042, "2022-09-12", 2, 4),
(3043, "2022-09-12", 2, 4),
(3044, "2022-09-12", 1, 3),
(3045, "2022-09-12", 2, 4),
(3046, "2022-09-12", 1, 1),
(3047, "2022-09-12", 1, 3),
(3048, "2022-09-12", 6, 8),
(3049, "2022-09-12", 2, 4),
(3050, "2022-09-12", 6, 8),
(3051, "2022-09-12", 1, 3),
(3052, "2022-09-12", 2, 4),
(3053, "2022-09-12", 1, 3),
(3054, "2022-09-12", 1, 1),
(3055, "2022-09-12", 2, 4),
(3056, "2022-09-12", 2, 4),
(3057, "2022-09-12", 2, 4),
(3058, "2022-09-12", 6, 8),
(3059, "2022-09-12", 6, 8),
(3060, "2022-09-12", 6, 8),
(3061, "2022-09-12", 2, 4),
(3062, "2022-09-12", 1, 2),
(3063, "2022-09-12", 6, 8),
(3064, "2022-09-12", 5, 7),
(3065, "2022-09-12", 6, 8),
(3066, "2022-09-12", 6, 8),
(3067, "2022-09-12", 1, 3),
(3068, "2022-09-12", 6, 8),
(3069, "2022-09-12", 1, 1),
(3070, "2022-09-12", 6, 8),
(3071, "2022-09-12", 2, 4),
(3072, "2022-09-12", 1, 3),
(3073, "2022-09-12", 6, 8),
(3074, "2022-09-12", 6, 8),
(3075, "2022-09-12", 5, 7),
(3076, "2022-09-12", 2, 4),
(3077, "2022-09-12", 5, 7),
(3078, "2022-09-12", 5, 7),
(3079, "2022-09-12", 5, 7),
(3080, "2022-09-12", 6, 8),
(3081, "2022-09-12", 5, 7),
(3082, "2022-09-12", 1, 3),
(3083, "2022-09-12", 1, 3),
(3084, "2022-09-12", 5, 7),
(3085, "2022-09-12", 6, 8),
(3086, "2022-09-12", 7, 9),
(3087, "2022-09-12", 1, 2),
(3088, "2022-09-12", 8, 10),
(3089, "2022-09-12", 7, 9),
(3090, "2022-09-12", 1, 3),
(3091, "2022-09-12", 7, 9),
(3092, "2022-09-12", 7, 9),
(3093, "2022-09-12", 7, 9),
(3094, "2022-09-12", 7, 9),
(3095, "2022-09-12", 8, 10),
(3096, "2022-09-12", 1, 1),
(3097, "2022-09-12", 7, 9),
(3098, "2022-09-12", 7, 9),
(3099, "2022-09-12", 7, 9),
(3100, "2022-09-12", 8, 10),
(3101, "2022-09-12", 1, 3),
(3102, "2022-09-12", 7, 9),
(3103, "2022-09-12", 9, 11),
(3104, "2022-09-12", 7, 9),
(3105, "2022-09-12", 7, 9),
(3106, "2022-09-12", 9, 11),
(3107, "2022-09-12", 7, 9),
(3108, "2022-09-12", 9, 11),
(3109, "2022-09-12", 9, 11),
(3110, "2022-09-12", 7, 9),
(3111, "2022-09-12", 8, 10),
(3112, "2022-09-12", 9, 11),
(3113, "2022-09-12", 9, 11),
(3114, "2022-09-12", 9, 11),
(3115, "2022-09-12", 8, 10),
(3116, "2022-09-12", 7, 9),
(3117, "2022-09-12", 9, 11),
(3118, "2022-09-12", 7, 9),
(3119, "2022-09-12", 1, 3),
(3120, "2022-09-12", 1, 2),
(3121, "2022-09-12", 9, 11),
(3122, "2022-09-12", 1, 1),
(3123, "2022-09-12", 9, 11),
(3124, "2022-09-12", 8, 10),
(3125, "2022-09-12", 9, 11),
(3126, "2022-09-12", 7, 9),
(3127, "2022-09-12", 8, 10),
(3128, "2022-09-12", 8, 10),
(3129, "2022-09-12", 1, 2),
(3130, "2022-09-12", 8, 10),
(3131, "2022-09-12", 9, 11),
(3132, "2022-09-12", 9, 11),
(3133, "2022-09-12", 9, 11),
(3134, "2022-09-12", 7, 9),
(3135, "2022-09-12", 1, 3),
(3136, "2022-09-12", 11, 13),
(3137, "2022-09-12", 1, 2),
(3138, "2022-09-12", 7, 9),
(3139, "2022-09-12", 7, 9),
(3140, "2022-09-12", 1, 2),
(3141, "2022-09-12", 10, 12),
(3142, "2022-09-12", 7, 9),
(3143, "2022-09-12", 1, 2),
(3144, "2022-09-12", 1, 2),
(3145, "2022-09-12", 11, 13),
(3146, "2022-09-12", 1, 2),
(3147, "2022-09-12", 7, 9),
(3148, "2022-09-12", 7, 9),
(3149, "2022-09-12", 1, 3),
(3150, "2022-09-12", 10, 12),
(3151, "2022-09-12", 11, 13),
(3152, "2022-09-12", 1, 1),
(3153, "2022-09-12", 7, 9),
(3154, "2022-09-12", 10, 12),
(3155, "2022-09-12", 11, 13),
(3156, "2022-09-12", 10, 12),
(3157, "2022-09-12", 1, 1),
(3158, "2022-09-12", 10, 12),
(3159, "2022-09-12", 7, 9),
(3160, "2022-09-12", 10, 12),
(3161, "2022-09-12", 7, 9),
(3162, "2022-09-12", 1, 3),
(3163, "2022-09-12", 7, 9),
(3164, "2022-09-12", 1, 2),
(3165, "2022-09-12", 1, 2),
(3166, "2022-09-12", 1, 3),
(3167, "2022-09-12", 7, 9),
(3168, "2022-09-12", 7, 9),
(3169, "2022-09-12", 10, 12),
(3170, "2022-09-12", 10, 12),
(3171, "2022-09-12", 1, 1),
(3172, "2022-09-12", 11, 13),
(3173, "2022-09-12", 10, 12),
(3174, "2022-09-12", 10, 12),
(3175, "2022-09-12", 7, 9),
(3176, "2022-09-12", 10, 12),
(3177, "2022-09-12", 10, 12),
(3178, "2022-09-12", 11, 13),
(3179, "2022-09-12", 11, 13),
(3180, "2022-09-12", 10, 12),
(3181, "2022-09-12", 1, 1),
(3182, "2022-09-12", 11, 13),
(3183, "2022-09-12", 10, 12),
(3184, "2022-09-12", 12, 14),
(3185, "2022-09-12", 1, 3),
(3186, "2022-09-12", 12, 14),
(3187, "2022-09-12", 12, 14),
(3188, "2022-09-12", 1, 3),
(3189, "2022-09-12", 12, 14),
(3190, "2022-09-12", 1, 2),
(3191, "2022-09-12", 1, 1),
(3192, "2022-09-12", 12, 14),
(3193, "2022-09-12", 13, 15),
(3194, "2022-09-12", 12, 14),
(3195, "2022-09-12", 14, 16),
(3196, "2022-09-12", 1, 3),
(3197, "2022-09-12", 12, 14),
(3198, "2022-09-12", 13, 15),
(3199, "2022-09-12", 14, 16),
(3200, "2022-09-12", 14, 16),
(3201, "2022-09-12", 14, 16),
(3202, "2022-09-12", 13, 15),
(3203, "2022-09-12", 13, 15),
(3204, "2022-09-12", 14, 16),
(3205, "2022-09-12", 1, 1),
(3206, "2022-09-12", 14, 16),
(3207, "2022-09-12", 13, 15),
(3208, "2022-09-12", 14, 16),
(3209, "2022-09-12", 1, 2),
(3210, "2022-09-12", 12, 14),
(3211, "2022-09-12", 14, 16),
(3212, "2022-09-12", 14, 16),
(3213, "2022-09-12", 13, 15),
(3214, "2022-09-12", 12, 14),
(3215, "2022-09-12", 14, 16),
(3216, "2022-09-12", 1, 2),
(3217, "2022-09-12", 12, 14),
(3218, "2022-09-12", 14, 16),
(3219, "2022-09-12", 1, 3),
(3220, "2022-09-12", 13, 15),
(3221, "2022-09-12", 1, 3),
(3222, "2022-09-12", 14, 16),
(3223, "2022-09-12", 14, 16),
(3224, "2022-09-12", 13, 15),
(3225, "2022-09-12", 13, 15),
(3226, "2022-09-12", 13, 15),
(3227, "2022-09-12", 12, 14),
(3228, "2022-09-12", 13, 15),
(3229, "2022-09-12", 12, 14),
(3230, "2022-09-12", 16, 18),
(3231, "2022-09-12", 1, 3),
(3232, "2022-09-12", 12, 14),
(3233, "2022-09-12", 12, 14),
(3234, "2022-09-12", 1, 1),
(3235, "2022-09-12", 1, 2),
(3236, "2022-09-12", 12, 14),
(3237, "2022-09-12", 1, 1),
(3238, "2022-09-12", 12, 14),
(3239, "2022-09-12", 12, 14),
(3240, "2022-09-12", 1, 1),
(3241, "2022-09-12", 12, 14),
(3242, "2022-09-12", 1, 2),
(3243, "2022-09-12", 1, 2),
(3244, "2022-09-12", 16, 18),
(3245, "2022-09-12", 12, 14),
(3246, "2022-09-12", 1, 3),
(3247, "2022-09-12", 1, 3),
(3248, "2022-09-12", 1, 1),
(3249, "2022-09-12", 16, 18),
(3250, "2022-09-12", 15, 17),
(3251, "2022-09-12", 1, 2),
(3252, "2022-09-12", 12, 14),
(3253, "2022-09-12", 15, 17),
(3254, "2022-09-12", 12, 14),
(3255, "2022-09-12", 12, 14),
(3256, "2022-09-12", 15, 17),
(3257, "2022-09-12", 12, 14),
(3258, "2022-09-12", 1, 1),
(3259, "2022-09-12", 15, 17),
(3260, "2022-09-12", 12, 14),
(3261, "2022-09-12", 15, 17),
(3262, "2022-09-12", 1, 2),
(3263, "2022-09-12", 16, 18),
(3264, "2022-09-12", 1, 2),
(3265, "2022-09-12", 16, 18),
(3266, "2022-09-12", 12, 14),
(3267, "2022-09-12", 16, 18),
(3268, "2022-09-12", 15, 17),
(3269, "2022-09-12", 15, 17),
(3270, "2022-09-12", 1, 2),
(3271, "2022-09-12", 16, 18),
(3272, "2022-09-12", 12, 14),
(3273, "2022-09-12", 15, 17),
(3274, "2022-09-12", 12, 14),
(3275, "2022-09-12", 15, 17),
(3276, "2022-09-12", 16, 18),
(3277, "2022-09-12", 15, 17),
(3278, "2022-09-12", 15, 17),
(3279, "2022-09-12", 16, 18),
(3280, "2022-09-13", 1, 2),
(3281, "2022-09-13", 3, 5),
(3282, "2022-09-13", 2, 4),
(3283, "2022-09-13", 1, 1),
(3284, "2022-09-13", 3, 5),
(3285, "2022-09-13", 4, 6),
(3286, "2022-09-13", 1, 1),
(3287, "2022-09-13", 3, 5),
(3288, "2022-09-13", 2, 4),
(3289, "2022-09-13", 2, 4),
(3290, "2022-09-13", 4, 6),
(3291, "2022-09-13", 2, 4),
(3292, "2022-09-13", 2, 4),
(3293, "2022-09-13", 2, 4),
(3294, "2022-09-13", 1, 2),
(3295, "2022-09-13", 1, 3),
(3296, "2022-09-13", 2, 4),
(3297, "2022-09-13", 1, 2),
(3298, "2022-09-13", 1, 2),
(3299, "2022-09-13", 1, 2),
(3300, "2022-09-13", 2, 4),
(3301, "2022-09-13", 1, 3),
(3302, "2022-09-13", 3, 5),
(3303, "2022-09-13", 2, 4),
(3304, "2022-09-13", 3, 5),
(3305, "2022-09-13", 3, 5),
(3306, "2022-09-13", 1, 3),
(3307, "2022-09-13", 3, 5),
(3308, "2022-09-13", 4, 6),
(3309, "2022-09-13", 1, 3),
(3310, "2022-09-13", 2, 4),
(3311, "2022-09-13", 4, 6),
(3312, "2022-09-13", 1, 1),
(3313, "2022-09-13", 1, 1),
(3314, "2022-09-13", 1, 1),
(3315, "2022-09-13", 4, 6),
(3316, "2022-09-13", 1, 1),
(3317, "2022-09-13", 3, 5),
(3318, "2022-09-13", 3, 5),
(3319, "2022-09-13", 4, 6),
(3320, "2022-09-13", 4, 6),
(3321, "2022-09-13", 4, 6),
(3322, "2022-09-13", 3, 5),
(3323, "2022-09-13", 2, 4),
(3324, "2022-09-13", 4, 6),
(3325, "2022-09-13", 3, 5),
(3326, "2022-09-13", 2, 4),
(3327, "2022-09-13", 4, 6),
(3328, "2022-09-13", 4, 6),
(3329, "2022-09-13", 2, 4),
(3330, "2022-09-13", 4, 6),
(3331, "2022-09-13", 2, 4),
(3332, "2022-09-13", 1, 3),
(3333, "2022-09-13", 6, 8),
(3334, "2022-09-13", 2, 4),
(3335, "2022-09-13", 2, 4),
(3336, "2022-09-13", 1, 3),
(3337, "2022-09-13", 1, 2),
(3338, "2022-09-13", 6, 8),
(3339, "2022-09-13", 5, 7),
(3340, "2022-09-13", 1, 1),
(3341, "2022-09-13", 1, 3),
(3342, "2022-09-13", 6, 8),
(3343, "2022-09-13", 1, 1),
(3344, "2022-09-13", 2, 4),
(3345, "2022-09-13", 1, 3),
(3346, "2022-09-13", 2, 4),
(3347, "2022-09-13", 2, 4),
(3348, "2022-09-13", 2, 4),
(3349, "2022-09-13", 1, 1),
(3350, "2022-09-13", 1, 1),
(3351, "2022-09-13", 6, 8),
(3352, "2022-09-13", 2, 4),
(3353, "2022-09-13", 2, 4),
(3354, "2022-09-13", 2, 4),
(3355, "2022-09-13", 1, 1),
(3356, "2022-09-13", 1, 2),
(3357, "2022-09-13", 6, 8),
(3358, "2022-09-13", 5, 7),
(3359, "2022-09-13", 2, 4),
(3360, "2022-09-13", 6, 8),
(3361, "2022-09-13", 2, 4),
(3362, "2022-09-13", 1, 2),
(3363, "2022-09-13", 6, 8),
(3364, "2022-09-13", 2, 4),
(3365, "2022-09-13", 6, 8),
(3366, "2022-09-13", 1, 2),
(3367, "2022-09-13", 2, 4),
(3368, "2022-09-13", 5, 7),
(3369, "2022-09-13", 1, 1),
(3370, "2022-09-13", 2, 4),
(3371, "2022-09-13", 6, 8),
(3372, "2022-09-13", 6, 8),
(3373, "2022-09-13", 1, 1),
(3374, "2022-09-13", 5, 7),
(3375, "2022-09-13", 2, 4),
(3376, "2022-09-13", 5, 7),
(3377, "2022-09-13", 2, 4),
(3378, "2022-09-13", 1, 2),
(3379, "2022-09-13", 5, 7),
(3380, "2022-09-13", 5, 7),
(3381, "2022-09-13", 6, 8),
(3382, "2022-09-13", 1, 2),
(3383, "2022-09-13", 1, 3),
(3384, "2022-09-13", 6, 8),
(3385, "2022-09-13", 7, 9),
(3386, "2022-09-13", 7, 9),
(3387, "2022-09-13", 7, 9),
(3388, "2022-09-13", 7, 9),
(3389, "2022-09-13", 1, 3),
(3390, "2022-09-13", 9, 11),
(3391, "2022-09-13", 7, 9),
(3392, "2022-09-13", 1, 3),
(3393, "2022-09-13", 7, 9),
(3394, "2022-09-13", 9, 11),
(3395, "2022-09-13", 1, 1),
(3396, "2022-09-13", 1, 3),
(3397, "2022-09-13", 1, 2),
(3398, "2022-09-13", 7, 9),
(3399, "2022-09-13", 1, 1),
(3400, "2022-09-13", 8, 10),
(3401, "2022-09-13", 1, 3),
(3402, "2022-09-13", 9, 11),
(3403, "2022-09-13", 7, 9),
(3404, "2022-09-13", 7, 9),
(3405, "2022-09-13", 9, 11),
(3406, "2022-09-13", 9, 11),
(3407, "2022-09-13", 9, 11),
(3408, "2022-09-13", 8, 10),
(3409, "2022-09-13", 1, 3),
(3410, "2022-09-13", 8, 10),
(3411, "2022-09-13", 8, 10),
(3412, "2022-09-13", 7, 9),
(3413, "2022-09-13", 7, 9),
(3414, "2022-09-13", 1, 2),
(3415, "2022-09-13", 9, 11),
(3416, "2022-09-13", 7, 9),
(3417, "2022-09-13", 8, 10),
(3418, "2022-09-13", 8, 10),
(3419, "2022-09-13", 9, 11),
(3420, "2022-09-13", 1, 3),
(3421, "2022-09-13", 9, 11),
(3422, "2022-09-13", 1, 2),
(3423, "2022-09-13", 8, 10),
(3424, "2022-09-13", 8, 10),
(3425, "2022-09-13", 1, 2),
(3426, "2022-09-13", 8, 10),
(3427, "2022-09-13", 7, 9),
(3428, "2022-09-13", 8, 10),
(3429, "2022-09-13", 8, 10),
(3430, "2022-09-13", 1, 3),
(3431, "2022-09-13", 1, 1),
(3432, "2022-09-13", 1, 2),
(3433, "2022-09-13", 9, 11),
(3434, "2022-09-13", 8, 10),
(3435, "2022-09-13", 9, 11),
(3436, "2022-09-13", 8, 10),
(3437, "2022-09-13", 8, 10),
(3438, "2022-09-13", 7, 9),
(3439, "2022-09-13", 11, 13),
(3440, "2022-09-13", 7, 9),
(3441, "2022-09-13", 1, 3),
(3442, "2022-09-13", 11, 13),
(3443, "2022-09-13", 7, 9),
(3444, "2022-09-13", 1, 2),
(3445, "2022-09-13", 1, 3),
(3446, "2022-09-13", 7, 9),
(3447, "2022-09-13", 7, 9),
(3448, "2022-09-13", 7, 9),
(3449, "2022-09-13", 11, 13),
(3450, "2022-09-13", 1, 3),
(3451, "2022-09-13", 11, 13),
(3452, "2022-09-13", 10, 12),
(3453, "2022-09-13", 11, 13),
(3454, "2022-09-13", 10, 12),
(3455, "2022-09-13", 1, 2),
(3456, "2022-09-13", 7, 9),
(3457, "2022-09-13", 11, 13),
(3458, "2022-09-13", 10, 12),
(3459, "2022-09-13", 1, 1),
(3460, "2022-09-13", 7, 9),
(3461, "2022-09-13", 1, 1),
(3462, "2022-09-13", 7, 9),
(3463, "2022-09-13", 11, 13),
(3464, "2022-09-13", 7, 9),
(3465, "2022-09-13", 1, 2),
(3466, "2022-09-13", 7, 9),
(3467, "2022-09-13", 7, 9),
(3468, "2022-09-13", 11, 13),
(3469, "2022-09-13", 1, 3),
(3470, "2022-09-13", 11, 13),
(3471, "2022-09-13", 11, 13),
(3472, "2022-09-13", 1, 1),
(3473, "2022-09-13", 7, 9),
(3474, "2022-09-13", 10, 12),
(3475, "2022-09-13", 11, 13),
(3476, "2022-09-13", 10, 12),
(3477, "2022-09-13", 7, 9),
(3478, "2022-09-13", 10, 12),
(3479, "2022-09-13", 11, 13),
(3480, "2022-09-13", 1, 2),
(3481, "2022-09-13", 10, 12),
(3482, "2022-09-13", 11, 13),
(3483, "2022-09-13", 1, 3),
(3484, "2022-09-13", 10, 12),
(3485, "2022-09-13", 11, 13),
(3486, "2022-09-13", 10, 12),
(3487, "2022-09-13", 11, 13),
(3488, "2022-09-13", 11, 13),
(3489, "2022-09-13", 1, 1),
(3490, "2022-09-13", 13, 15),
(3491, "2022-09-13", 12, 14),
(3492, "2022-09-13", 12, 14),
(3493, "2022-09-13", 12, 14),
(3494, "2022-09-13", 1, 1),
(3495, "2022-09-13", 12, 14),
(3496, "2022-09-13", 1, 2),
(3497, "2022-09-13", 12, 14),
(3498, "2022-09-13", 12, 14),
(3499, "2022-09-13", 12, 14),
(3500, "2022-09-13", 1, 2),
(3501, "2022-09-13", 13, 15),
(3502, "2022-09-13", 14, 16),
(3503, "2022-09-13", 12, 14),
(3504, "2022-09-13", 1, 2),
(3505, "2022-09-13", 13, 15),
(3506, "2022-09-13", 1, 3),
(3507, "2022-09-13", 12, 14),
(3508, "2022-09-13", 13, 15),
(3509, "2022-09-13", 14, 16),
(3510, "2022-09-13", 12, 14),
(3511, "2022-09-13", 13, 15),
(3512, "2022-09-13", 14, 16),
(3513, "2022-09-13", 1, 1),
(3514, "2022-09-13", 1, 1),
(3515, "2022-09-13", 1, 2),
(3516, "2022-09-13", 13, 15),
(3517, "2022-09-13", 14, 16),
(3518, "2022-09-13", 13, 15),
(3519, "2022-09-13", 1, 2),
(3520, "2022-09-13", 12, 14),
(3521, "2022-09-13", 14, 16),
(3522, "2022-09-13", 1, 2),
(3523, "2022-09-13", 13, 15),
(3524, "2022-09-13", 12, 14),
(3525, "2022-09-13", 12, 14),
(3526, "2022-09-13", 14, 16),
(3527, "2022-09-13", 14, 16),
(3528, "2022-09-13", 12, 14),
(3529, "2022-09-13", 1, 2),
(3530, "2022-09-13", 14, 16),
(3531, "2022-09-13", 14, 16),
(3532, "2022-09-13", 13, 15),
(3533, "2022-09-13", 1, 1),
(3534, "2022-09-13", 15, 17),
(3535, "2022-09-13", 1, 1),
(3536, "2022-09-13", 12, 14),
(3537, "2022-09-13", 16, 18),
(3538, "2022-09-13", 1, 2),
(3539, "2022-09-13", 1, 3),
(3540, "2022-09-13", 15, 17),
(3541, "2022-09-13", 16, 18),
(3542, "2022-09-13", 1, 1),
(3543, "2022-09-13", 12, 14),
(3544, "2022-09-13", 12, 14),
(3545, "2022-09-13", 12, 14),
(3546, "2022-09-13", 16, 18),
(3547, "2022-09-13", 1, 3),
(3548, "2022-09-13", 1, 2),
(3549, "2022-09-13", 1, 2),
(3550, "2022-09-13", 1, 3),
(3551, "2022-09-13", 16, 18),
(3552, "2022-09-13", 1, 2),
(3553, "2022-09-13", 1, 2),
(3554, "2022-09-13", 1, 2),
(3555, "2022-09-13", 16, 18),
(3556, "2022-09-13", 16, 18),
(3557, "2022-09-13", 1, 3),
(3558, "2022-09-13", 1, 3),
(3559, "2022-09-13", 16, 18),
(3560, "2022-09-13", 1, 3),
(3561, "2022-09-13", 15, 17),
(3562, "2022-09-13", 1, 3),
(3563, "2022-09-13", 12, 14),
(3564, "2022-09-13", 16, 18),
(3565, "2022-09-13", 1, 1),
(3566, "2022-09-13", 15, 17),
(3567, "2022-09-13", 12, 14),
(3568, "2022-09-13", 1, 3),
(3569, "2022-09-13", 16, 18),
(3570, "2022-09-13", 15, 17),
(3571, "2022-09-13", 16, 18),
(3572, "2022-09-13", 12, 14),
(3573, "2022-09-13", 15, 17),
(3574, "2022-09-13", 12, 14),
(3575, "2022-09-13", 12, 14),
(3576, "2022-09-13", 15, 17),
(3577, "2022-09-13", 15, 17),
(3578, "2022-09-13", 15, 17);
SELECT * FROM Lectures;


CREATE TABLE Students
(
	Id INT NOT NULL AUTO_INCREMENT PRIMARY KEY,
	StudName varchar(100) NOT NULL CHECK (StudName <> N''),
	Rate int NOT NULL CHECK (Rate BETWEEN 0 AND 5),
	StudSecondName varchar(100) NOT NULL CHECK (StudSecondName <> N'')
);
INSERT INTO Students VALUES
(1, "Георгий", 3, "Орлов"),
(2, "Андрей", 5, "Козлов"),
(3, "Инна", 3, "Семенова"),
(4, "Виктор", 5, "Степанов"),
(5, "Степан", 3, "Андреев"),
(6, "Анжелика", 5, "Семенова"),
(7, "Евгений", 3, "Николаев"),
(8, "Ольга", 4, "Макарова"),
(9, "Роман", 4, "Волков"),
(10, "Сергей", 3, "Волков"),
(11, "Петр", 5, "Михайлов"),
(12, "Евгений", 4, "Николаев"),
(13, "Лев", 3, "Иванов"),
(14, "Дмитрий", 5, "Степанов"),
(15, "Арсений", 5, "Егоров"),
(16, "Федор", 5, "Макаров"),
(17, "Валерия", 4, "Егорова"),
(18, "Сергей", 5, "Степанов"),
(19, "Алексей", 4, "Макаров"),
(20, "Кирилл", 3, "Семенов"),
(21, "Игорь", 4, "Фёдоров"),
(22, "Валерий", 5, "Павлов"),
(23, "Кристина", 5, "Николаева"),
(24, "Юрий", 3, "Семенов"),
(25, "Георгий", 5, "Козлов"),
(26, "Алла", 5, "Васильева"),
(27, "Денис", 5, "Никитин"),
(28, "Петр", 3, "Волков"),
(29, "Степан", 4, "Николаев"),
(30, "Арсений", 5, "Иванов"),
(31, "Константин", 5, "Павлов"),
(32, "Артём", 5, "Павлов"),
(33, "Елизавета", 5, "Лебедева"),
(34, "Татьяна", 3, "Козлова"),
(35, "Роман", 4, "Орлов"),
(36, "Максим", 3, "Павлов"),
(37, "Александр", 4, "Волков"),
(38, "Вера", 4, "Михайлова"),
(39, "Роман", 4, "Николаев"),
(40, "Валерий", 5, "Смирнов"),
(41, "Петр", 5, "Волков"),
(42, "Даниил", 4, "Алексеев"),
(43, "Григорий", 4, "Попов"),
(44, "Константин", 5, "Попов"),
(45, "Владислава", 5, "Алексеева"),
(46, "Святослав", 3, "Павлов"),
(47, "Егор", 4, "Захаров"),
(48, "Лев", 4, "Никитин"),
(49, "Григорий", 4, "Макаров"),
(50, "Георгий", 4, "Иванов"),
(51, "Тимофей", 5, "Соколов"),
(52, "Константин", 4, "Семенов"),
(53, "Святослав", 3, "Алексеев"),
(54, "Лариса", 4, "Кузнецова"),
(55, "Павел", 3, "Фёдоров"),
(56, "Сергей", 4, "Никитин"),
(57, "Виталий", 3, "Васильев"),
(58, "Борис", 3, "Соколов"),
(59, "Игорь", 3, "Васильев"),
(60, "Станислав", 4, "Макаров"),
(61, "Дмитрий", 4, "Соколов"),
(62, "Ростислав", 5, "Иванов"),
(63, "Александр", 3, "Кузнецов"),
(64, "Георгий", 3, "Павлов"),
(65, "Анна", 5, "Егорова"),
(66, "Степан", 5, "Михайлов"),
(67, "Григорий", 3, "Семенов"),
(68, "Борис", 5, "Николаев"),
(69, "Денис", 3, "Михайлов"),
(70, "Борис", 3, "Степанов"),
(71, "Анжелика", 3, "Степанова"),
(72, "Татьяна", 4, "Новикова"),
(73, "Тимофей", 4, "Егоров"),
(74, "Иван", 4, "Петров"),
(75, "Евгений", 5, "Соколов"),
(76, "Петр", 4, "Семенов"),
(77, "Валерий", 3, "Андреев"),
(78, "Степан", 4, "Алексеев"),
(79, "Михаил", 3, "Егоров"),
(80, "Валерий", 4, "Захаров"),
(81, "Денис", 4, "Михайлов"),
(82, "Филипп", 4, "Захаров"),
(83, "Эдуард", 3, "Лебедев"),
(84, "Игорь", 4, "Волков"),
(85, "Тимофей", 4, "Макаров"),
(86, "Лев", 4, "Егоров"),
(87, "Семен", 3, "Егоров"),
(88, "Виктор", 4, "Морозов"),
(89, "Мария", 4, "Новикова"),
(90, "Павел", 5, "Макаров"),
(91, "Анатолий", 4, "Соколов"),
(92, "Татьяна", 4, "Козлова"),
(93, "Виктор", 4, "Степанов"),
(94, "Оксана", 3, "Иванова"),
(95, "Ярослава", 3, "Иванова"),
(96, "Арсений", 3, "Смирнов"),
(97, "Леонид", 4, "Орлов"),
(98, "Егор", 4, "Попов"),
(99, "Степан", 4, "Орлов"),
(100, "Марина", 3, "Новикова"),
(101, "Мария", 4, "Фёдорова"),
(102, "Дмитрий", 4, "Николаев"),
(103, "Юрий", 4, "Макаров"),
(104, "Тимофей", 3, "Морозов"),
(105, "Лев", 3, "Павлов"),
(106, "Федор", 4, "Волков"),
(107, "Павел", 4, "Алексеев"),
(108, "Павел", 4, "Смирнов"),
(109, "Юрий", 4, "Орлов"),
(110, "Федор", 3, "Васильев"),
(111, "Андрей", 5, "Морозов"),
(112, "Арсений", 4, "Смирнов"),
(113, "Марк", 4, "Попов"),
(114, "Юрий", 3, "Новиков"),
(115, "Святослав", 4, "Смирнов"),
(116, "Кирилл", 3, "Фёдоров"),
(117, "Ян", 5, "Павлов"),
(118, "Михаил", 3, "Козлов"),
(119, "Владислава", 4, "Семенова"),
(120, "Мария", 5, "Васильева"),
(121, "Александра", 5, "Алексеева"),
(122, "Борис", 4, "Михайлов"),
(123, "Стефания", 4, "Лебедева"),
(124, "Ольга", 5, "Орлова"),
(125, "Артём", 3, "Васильев"),
(126, "Алина", 5, "Степанова"),
(127, "Марьяна", 5, "Михайлова"),
(128, "Леонид", 5, "Павлов"),
(129, "Павел", 3, "Попов"),
(130, "Антон", 4, "Фёдоров"),
(131, "Александр", 5, "Фёдоров"),
(132, "Сергей", 3, "Козлов"),
(133, "Святослав", 4, "Петров"),
(134, "Виктор", 5, "Захаров"),
(135, "Виктория", 5, "Морозова"),
(136, "Арина", 3, "Васильева"),
(137, "Виолетта", 4, "Макарова"),
(138, "Марат", 5, "Иванов"),
(139, "Филипп", 5, "Андреев"),
(140, "Анжелика", 5, "Никитина"),
(141, "Анатолий", 4, "Андреев"),
(142, "Тимофей", 3, "Семенов"),
(143, "Даниил", 5, "Фёдоров"),
(144, "Сергей", 4, "Никитин"),
(145, "Лилия", 5, "Морозова"),
(146, "Олег", 5, "Смирнов"),
(147, "Святослав", 5, "Морозов"),
(148, "Марк", 4, "Петров"),
(149, "Ирина", 3, "Макарова"),
(150, "Анжелика", 4, "Васильева"),
(151, "Алина", 4, "Орлова"),
(152, "Станислав", 4, "Кузнецов"),
(153, "Борис", 5, "Кузнецов"),
(154, "Роман", 4, "Смирнов"),
(155, "Роман", 3, "Орлов"),
(156, "Дмитрий", 4, "Петров"),
(157, "Дмитрий", 3, "Степанов"),
(158, "Юрий", 3, "Морозов"),
(159, "Юлия", 3, "Волкова"),
(160, "Жанна", 5, "Васильева"),
(161, "Надежда", 5, "Захарова"),
(162, "Кристина", 3, "Макарова"),
(163, "Арсений", 3, "Никитин"),
(164, "Дмитрий", 4, "Волков"),
(165, "Даниил", 5, "Козлов"),
(166, "Никита", 4, "Семенов"),
(167, "Валерия", 4, "Алексеева"),
(168, "Василий", 5, "Орлов"),
(169, "Марк", 5, "Кузнецов"),
(170, "Наталия", 3, "Лебедева"),
(171, "Антонина", 5, "Михайлова"),
(172, "Семен", 3, "Никитин"),
(173, "Ян", 3, "Васильев"),
(174, "Семен", 4, "Семенов"),
(175, "Виталий", 5, "Никитин"),
(176, "Родион", 4, "Козлов"),
(177, "Кирилл", 5, "Иванов"),
(178, "Илья", 4, "Смирнов"),
(179, "Эдуард", 4, "Павлов"),
(180, "Игорь", 4, "Морозов"),
(181, "Борис", 4, "Лебедев"),
(182, "Станислав", 4, "Иванов"),
(183, "Ольга", 5, "Фёдорова"),
(184, "Любовь", 5, "Никитина"),
(185, "Кирилл", 5, "Семенов"),
(186, "Арина", 3, "Иванова"),
(187, "Анжелика", 3, "Егорова"),
(188, "Борис", 4, "Козлов"),
(189, "Георгий", 5, "Орлов"),
(190, "Виталий", 3, "Степанов"),
(191, "Константин", 4, "Андреев"),
(192, "Кристина", 3, "Волкова"),
(193, "Петр", 5, "Макаров"),
(194, "Дмитрий", 5, "Иванов"),
(195, "Олег", 3, "Иванов"),
(196, "Семен", 4, "Соколов"),
(197, "Ольга", 3, "Смирнова"),
(198, "Евгений", 3, "Лебедев"),
(199, "Полина", 5, "Соколова"),
(200, "Евгений", 5, "Николаев"),
(201, "Леонид", 4, "Павлов"),
(202, "Алексей", 5, "Фёдоров"),
(203, "Федор", 5, "Смирнов"),
(204, "Стефания", 3, "Попова"),
(205, "Марина", 5, "Лебедева"),
(206, "Наталия", 4, "Андреева"),
(207, "Филипп", 4, "Семенов"),
(208, "Виктория", 3, "Иванова"),
(209, "Никита", 4, "Егоров"),
(210, "Владимир", 3, "Фёдоров"),
(211, "Антон", 5, "Смирнов"),
(212, "Лев", 3, "Кузнецов"),
(213, "Григорий", 3, "Волков"),
(214, "Елена", 4, "Новикова"),
(215, "Дмитрий", 5, "Степанов"),
(216, "Валентина", 3, "Кузнецова"),
(217, "Василий", 5, "Алексеев"),
(218, "Сергей", 3, "Морозов"),
(219, "Анатолий", 4, "Иванов"),
(220, "Георгий", 5, "Макаров"),
(221, "Елена", 5, "Никитина"),
(222, "Борис", 5, "Андреев"),
(223, "Михаил", 3, "Лебедев"),
(224, "Степан", 5, "Соколов"),
(225, "Святослав", 3, "Андреев"),
(226, "Роман", 5, "Павлов"),
(227, "Станислав", 3, "Иванов"),
(228, "Филипп", 5, "Макаров"),
(229, "Максим", 5, "Кузнецов"),
(230, "Лев", 4, "Волков"),
(231, "Андрей", 4, "Андреев"),
(232, "Михаил", 3, "Орлов"),
(233, "Оксана", 5, "Морозова"),
(234, "Кирилл", 5, "Орлов"),
(235, "Валерий", 4, "Морозов"),
(236, "Денис", 5, "Кузнецов"),
(237, "Марина", 4, "Морозова"),
(238, "Сергей", 5, "Соколов"),
(239, "Виталий", 5, "Попов"),
(240, "Валерий", 3, "Попов"),
(241, "Надежда", 3, "Егорова"),
(242, "Антон", 4, "Попов"),
(243, "Виктор", 3, "Новиков"),
(244, "Михаил", 3, "Смирнов"),
(245, "Анатолий", 4, "Волков"),
(246, "Петр", 5, "Семенов"),
(247, "Виолетта", 5, "Захарова"),
(248, "Инна", 5, "Андреева"),
(249, "Надежда", 5, "Фёдорова"),
(250, "Петр", 3, "Николаев"),
(251, "Ян", 5, "Козлов"),
(252, "Анастасия", 3, "Морозова"),
(253, "Сергей", 3, "Степанов"),
(254, "Антон", 4, "Михайлов"),
(255, "Василий", 3, "Новиков"),
(256, "Виталий", 3, "Волков"),
(257, "Василий", 5, "Кузнецов"),
(258, "Эдуард", 5, "Морозов"),
(259, "Мария", 5, "Петрова"),
(260, "Игорь", 4, "Фёдоров"),
(261, "Николай", 3, "Макаров"),
(262, "Нина", 4, "Николаева"),
(263, "Юрий", 3, "Волков"),
(264, "Станислав", 5, "Макаров"),
(265, "Марина", 5, "Никитина"),
(266, "Лариса", 5, "Никитина"),
(267, "Святослав", 5, "Козлов"),
(268, "Алла", 4, "Павлова"),
(269, "Степан", 5, "Захаров"),
(270, "Михаил", 5, "Волков"),
(271, "Даниил", 5, "Егоров"),
(272, "Ростислав", 3, "Козлов"),
(273, "Маргарита", 5, "Новикова"),
(274, "Илья", 5, "Алексеев"),
(275, "Виктор", 5, "Семенов"),
(276, "Станислав", 5, "Павлов"),
(277, "Даниил", 4, "Михайлов"),
(278, "Эдуард", 3, "Михайлов"),
(279, "Лев", 4, "Семенов"),
(280, "Марьяна", 5, "Васильева"),
(281, "Марк", 5, "Андреев"),
(282, "Константин", 4, "Захаров"),
(283, "Эдуард", 5, "Смирнов"),
(284, "Арсений", 3, "Степанов"),
(285, "Роман", 4, "Васильев"),
(286, "Георгий", 5, "Петров"),
(287, "Ксения", 5, "Козлова"),
(288, "Святослав", 3, "Орлов"),
(289, "Валерий", 3, "Попов"),
(290, "Василий", 4, "Фёдоров"),
(291, "Владимир", 4, "Николаев"),
(292, "Максим", 5, "Степанов"),
(293, "Даниил", 3, "Смирнов"),
(294, "Иван", 5, "Алексеев"),
(295, "Кирилл", 4, "Попов"),
(296, "Олег", 4, "Петров"),
(297, "Елизавета", 4, "Попова"),
(298, "Родион", 4, "Егоров"),
(299, "Виталий", 4, "Морозов"),
(300, "Семен", 5, "Васильев"),
(301, "Юрий", 3, "Кузнецов"),
(302, "Лев", 3, "Иванов"),
(303, "Дмитрий", 5, "Михайлов"),
(304, "Григорий", 3, "Захаров"),
(305, "Степан", 3, "Степанов"),
(306, "Игорь", 3, "Орлов"),
(307, "Даниил", 3, "Соколов"),
(308, "Иван", 3, "Иванов"),
(309, "Григорий", 4, "Павлов"),
(310, "Дмитрий", 3, "Новиков"),
(311, "Григорий", 5, "Волков"),
(312, "Марк", 5, "Николаев"),
(313, "Юрий", 3, "Лебедев"),
(314, "Александр", 5, "Соколов"),
(315, "Даниил", 3, "Никитин"),
(316, "Николай", 5, "Васильев"),
(317, "Борис", 5, "Петров"),
(318, "Роман", 5, "Захаров"),
(319, "Марьяна", 4, "Никитина"),
(320, "Артём", 5, "Соколов"),
(321, "Егор", 3, "Николаев"),
(322, "Антон", 5, "Петров"),
(323, "Лариса", 5, "Семенова"),
(324, "Алина", 4, "Михайлова"),
(325, "Илья", 5, "Семенов"),
(326, "Алексей", 5, "Морозов"),
(327, "Антон", 3, "Иванов"),
(328, "Сергей", 5, "Фёдоров"),
(329, "Екатерина", 5, "Семенова"),
(330, "Евгений", 5, "Павлов"),
(331, "Даниил", 5, "Васильев"),
(332, "Леонид", 4, "Михайлов"),
(333, "Семен", 4, "Петров"),
(334, "Филипп", 3, "Егоров"),
(335, "Ростислав", 4, "Козлов"),
(336, "Арсений", 3, "Павлов"),
(337, "Лев", 4, "Степанов"),
(338, "Федор", 4, "Новиков"),
(339, "Максим", 4, "Кузнецов"),
(340, "Валерия", 5, "Степанова"),
(341, "Даниил", 3, "Смирнов"),
(342, "Филипп", 3, "Егоров"),
(343, "Михаил", 3, "Васильев"),
(344, "Константин", 4, "Михайлов"),
(345, "Марат", 5, "Васильев"),
(346, "Степан", 5, "Смирнов"),
(347, "Святослав", 4, "Макаров"),
(348, "Лев", 4, "Смирнов"),
(349, "Андрей", 3, "Кузнецов"),
(350, "Виолетта", 4, "Павлова"),
(351, "Вероника", 4, "Иванова"),
(352, "Тимофей", 5, "Павлов"),
(353, "Ростислав", 5, "Попов"),
(354, "Григорий", 4, "Васильев"),
(355, "Ростислав", 3, "Семенов"),
(356, "Станислав", 5, "Фёдоров"),
(357, "Виктор", 4, "Андреев"),
(358, "Анжелика", 3, "Захарова"),
(359, "Арсений", 5, "Попов"),
(360, "Арина", 4, "Попова"),
(361, "Алексей", 4, "Морозов"),
(362, "Юрий", 4, "Семенов"),
(363, "Никита", 3, "Степанов"),
(364, "Андрей", 3, "Кузнецов"),
(365, "Филипп", 3, "Семенов"),
(366, "Никита", 5, "Орлов"),
(367, "Леонид", 4, "Алексеев"),
(368, "Даниил", 3, "Смирнов"),
(369, "Ростислав", 4, "Захаров"),
(370, "Кирилл", 5, "Семенов"),
(371, "Марк", 5, "Соколов"),
(372, "Анна", 3, "Васильева"),
(373, "Даниил", 3, "Иванов"),
(374, "Борис", 3, "Фёдоров"),
(375, "Георгий", 4, "Егоров"),
(376, "Лев", 5, "Макаров"),
(377, "Максим", 3, "Алексеев"),
(378, "Леонид", 5, "Михайлов"),
(379, "Виталий", 5, "Кузнецов"),
(380, "Александр", 5, "Алексеев"),
(381, "Лилия", 3, "Петрова"),
(382, "Александр", 4, "Семенов"),
(383, "Иван", 4, "Павлов"),
(384, "Егор", 4, "Андреев"),
(385, "Ян", 3, "Павлов"),
(386, "Эдуард", 5, "Васильев"),
(387, "Борис", 3, "Морозов"),
(388, "Александр", 5, "Лебедев"),
(389, "Олег", 3, "Степанов"),
(390, "Юрий", 5, "Морозов"),
(391, "Роман", 3, "Егоров"),
(392, "Виктор", 4, "Лебедев"),
(393, "Марк", 5, "Михайлов"),
(394, "Марат", 4, "Орлов"),
(395, "Анатолий", 5, "Макаров"),
(396, "Кирилл", 5, "Иванов"),
(397, "Арсений", 5, "Захаров"),
(398, "Алёна", 5, "Смирнова"),
(399, "Константин", 3, "Степанов"),
(400, "Марат", 4, "Никитин"),
(401, "Марк", 3, "Андреев"),
(402, "Владислава", 5, "Иванова"),
(403, "Василий", 4, "Соколов"),
(404, "Григорий", 4, "Михайлов"),
(405, "Юлия", 4, "Захарова"),
(406, "Марк", 5, "Смирнов"),
(407, "Виктория", 4, "Соколова"),
(408, "Андрей", 4, "Степанов"),
(409, "Кирилл", 3, "Михайлов"),
(410, "Ирина", 3, "Попова"),
(411, "Валентина", 5, "Михайлова"),
(412, "Анастасия", 4, "Лебедева"),
(413, "Владимир", 3, "Попов"),
(414, "Петр", 4, "Павлов"),
(415, "Никита", 5, "Фёдоров"),
(416, "Евгений", 4, "Орлов"),
(417, "Наталия", 3, "Смирнова"),
(418, "Марина", 3, "Семенова"),
(419, "Никита", 5, "Козлов"),
(420, "Сергей", 4, "Морозов"),
(421, "Павел", 3, "Алексеев"),
(422, "Наталия", 5, "Лебедева"),
(423, "Михаил", 5, "Алексеев"),
(424, "Даниил", 4, "Андреев"),
(425, "Юрий", 3, "Новиков"),
(426, "Марат", 5, "Лебедев"),
(427, "Кристина", 5, "Семенова"),
(428, "Дарья", 4, "Захарова"),
(429, "Владимир", 3, "Захаров"),
(430, "Степан", 4, "Андреев"),
(431, "Михаил", 3, "Семенов"),
(432, "Денис", 3, "Лебедев"),
(433, "Анна", 5, "Егорова"),
(434, "Борис", 3, "Соколов"),
(435, "Николай", 4, "Захаров"),
(436, "Александра", 4, "Степанова"),
(437, "Артём", 4, "Михайлов"),
(438, "Ян", 3, "Васильев"),
(439, "Леонид", 3, "Захаров"),
(440, "Родион", 3, "Семенов"),
(441, "Екатерина", 3, "Морозова"),
(442, "Варвара", 5, "Попова"),
(443, "Таисия", 3, "Орлова"),
(444, "Надежда", 3, "Кузнецова"),
(445, "Олег", 4, "Егоров"),
(446, "Людмила", 5, "Попова"),
(447, "Тимофей", 5, "Новиков"),
(448, "Жанна", 5, "Морозова"),
(449, "Константин", 5, "Новиков"),
(450, "Станислав", 4, "Морозов"),
(451, "Григорий", 4, "Николаев"),
(452, "Ростислав", 4, "Андреев"),
(453, "Илья", 5, "Николаев"),
(454, "Федор", 4, "Иванов"),
(455, "Сергей", 5, "Орлов"),
(456, "Даниил", 4, "Степанов"),
(457, "Александр", 3, "Фёдоров"),
(458, "Иван", 4, "Андреев"),
(459, "Денис", 5, "Орлов"),
(460, "Максим", 3, "Петров"),
(461, "Марк", 5, "Николаев"),
(462, "Филипп", 3, "Егоров"),
(463, "Степан", 3, "Алексеев"),
(464, "Арсений", 5, "Степанов"),
(465, "Роман", 5, "Новиков"),
(466, "Максим", 4, "Никитин"),
(467, "Эдуард", 3, "Павлов"),
(468, "Степан", 4, "Николаев"),
(469, "Лев", 5, "Петров"),
(470, "Илья", 3, "Павлов"),
(471, "Маргарита", 4, "Соколова"),
(472, "Ирина", 5, "Смирнова"),
(473, "Павел", 4, "Николаев"),
(474, "Семен", 5, "Кузнецов"),
(475, "Валентина", 4, "Козлова"),
(476, "Николай", 5, "Захаров"),
(477, "Алексей", 3, "Лебедев"),
(478, "Максим", 5, "Андреев"),
(479, "Эдуард", 5, "Алексеев");
SELECT * FROM Students;



CREATE TABLE Subjects
(
	Id INT NOT NULL AUTO_INCREMENT PRIMARY KEY,
	SubjName varchar(100) NOT NULL UNIQUE CHECK (SubjName <> N'')
);
INSERT INTO Subjects VALUES 
(1, "Математический Анализ"),
(2, "Линейная Алгебра"),
(3, "Сопротивление Материалов"),
(4, "Теория Оболочек"),
(5, "Теоретическая Механика"),
(6, "Математическая Физика"),
(7, "Общая Физика"),
(8, "РадиоЭлектронные Методы"),
(9, "Электроника"),
(10, "Теория Полупроводников"),
(11, "Теория Поля"),
(12, "Экономика"),
(13, "Статистика"),
(14, "Менеджмент"),
(15, "Информатика"),
(16, "Бухгалтерское Дело");
SELECT * FROM Subjects;



CREATE TABLE Teachers
(
	Id INT NOT NULL AUTO_INCREMENT PRIMARY KEY,
	IsProfessor bit NOT NULL DEFAULT 0,
	TeachName varchar(100) NOT NULL CHECK (TeachName <> N''),
	Salary int NOT NULL CHECK (Salary > 0),
	TeachSecondName varchar(100) NOT NULL CHECK (TeachSecondName <> N'')
);
INSERT INTO Teachers VALUES 
(1, 1, "Галина", 62000, "Шестакова"),
(2, 1, "Александр", 67000, "Петров"),
(3, 0, "Григорий", 43000, "Столешников"),
(4, 1, "Виктор", 59000, "Сушков"),
(5, 1, "Сергей", 72000, "Беспалов"),
(6, 1, "Николай", 57000, "Старостин"),
(7, 1, "Павел", 78000, "Жилин"),
(8, 1, "Михаил", 61000, "Векслер"),
(9, 0, "Петр", 40000, "Клименко"),
(10, 1, "Георгий", 57000, "Прохоров"),
(11, 0, "Дмитрий", 42000, "Суровый"),
(12, 1, "Борис", 55000, "Градский"),
(13, 0, "Ник", 45000, "Майснер"),
(14, 0, "Светлана", 45000, "Пименова"),
(15, 0, "Роман", 43000, "Трифонов"),
(16, 0, "Регина", 40000, "Громова"),
(17, 1, "Валентин", 50000, "Дорот"),
(18, 1, "Валентина", 58000, "Пономаренко");
SELECT * FROM Teachers;



ALTER TABLE Departments
ADD FOREIGN KEY (FacultyId) REFERENCES Faculties(Id);

ALTER TABLE StudGroups
ADD FOREIGN KEY (DepartmentId) REFERENCES Departments(Id);

ALTER TABLE GroupsCurators
ADD FOREIGN KEY (CuratorId) REFERENCES Curators(Id);

ALTER TABLE GroupsCurators
ADD FOREIGN KEY (GroupId) REFERENCES StudGroups(Id);

ALTER TABLE GroupsLectures
ADD FOREIGN KEY (GroupId) REFERENCES StudGroups(Id);

ALTER TABLE GroupsLectures
ADD FOREIGN KEY (LectureId) REFERENCES Lectures(Id);

ALTER TABLE GroupsStudents
ADD FOREIGN KEY (GroupId) REFERENCES StudGroups(Id);

ALTER TABLE GroupsStudents
ADD FOREIGN KEY (StudentId) REFERENCES Students(Id);

ALTER TABLE Lectures
ADD FOREIGN KEY (SubjectId) REFERENCES Subjects(Id);

ALTER TABLE Lectures
ADD FOREIGN KEY (TeacherId) REFERENCES Teachers(Id);

/* 1. Вывести номера корпусов, если суммарный фонд финансирования расположенных в них кафедр превышает 100000.*/
SELECT Building FROM Departments
GROUP BY Departments.Building
HAVING SUM(Departments.Financing) > 20000;

/* 2. Вывести названия групп 5-го курса кафедры “Software Development”, которые имеют более 10 пар в первую неделю.*/
WITH TableFifthCourse AS (
    WITH lectsDateId AS (
        WITH lectsDateId AS (SELECT Id AS LectId, LectDate FROM Lectures)
        SELECT * FROM lectsDateId
        JOIN GroupsLectures ON (GroupsLectures.LectureId = lectsDateId.LectId)
        HAVING LectDate < '2022-09-08'
    )
    SELECT GroupId, Course, COUNT(GroupId) AS LectsAmount FROM StudGroups
    JOIN lectsDateId ON (lectsDateId.GroupId = StudGroups.Id)
    JOIN Departments ON (Departments.Id = StudGroups.DepartmentId)
    GROUP BY GroupId
    HAVING Course = 5 AND LectsAmount > 25
)
SELECT Id, GroupName FROM StudGroups WHERE DepartmentID = (
    SELECT Id FROM Departments WHERE DepName = "Электроника и Автоматика"
    ) AND Course = 5 AND EXISTS(SELECT * FROM TableFifthCourse WHERE GroupId = Id);


WITH Tablexz AS (
    WITH TableTemp AS (SELECT Id AS LectId, LectDate FROM Lectures)
    SELECT * FROM TableTemp, GroupsLectures
    where (GroupsLectures.LectureId = TableTemp.LectId)
    HAVING LectDate < '2022-09-08'
)
SELECT GroupId, COUNT(GroupId) AS LectsAmount FROM TableXZ
GROUP BY GroupId;
/* 3. Вывести названия групп, имеющих рейтинг (средний рейтинг всех студентов группы) больше, чем рейтинг группы “D221”.*/ 

SELECT StudGroups.GroupName AS "Название группы" , AVG(Rate) AS "Средний бал" FROM StudGroups      
JOIN GroupsStudents ON GroupsStudents.GroupId = StudGroups.Id
JOIN Students ON Students.Id = GroupsStudents.StudentId                                    
GROUP BY StudGroups.GroupName
HAVING AVG(Rate) > (SELECT AVG(Rate) FROM StudGroups
JOIN GroupsStudents ON GroupsStudents.GroupId = StudGroups.Id
JOIN Students ON Students.Id = GroupsStudents.StudentId
GROUP BY StudGroups.GroupName
HAVING StudGroups.GroupName = "МикроЭл/1/2");

/* 4. Вывести фамилии и имена преподавателей, ставка которых выше средней ставки профессоров.*/

select TeachName, TeachSecondName from Teachers
where Teachers.salary > (select avg(salary) from Teachers where isProfessor = 1);

/* 5. Вывести названия групп, у которых больше одного куратора.*/

SELECT GroupName FROM StudGroups WHERE EXISTS (
SELECT GroupID FROM GroupsCurators WHERE StudGroups.ID = GroupID
GROUP BY GroupID
HAVING COUNT(CuratorID) > 1
);

/* 6. Вывести названия групп, имеющих рейтинг (средний рейтинг всех студентов группы) меньше,
 чем минимальный рейтинг групп 5-го курса. */
 
 WITH tableTemp AS (SELECT AVG(Rate) AS Rate FROM Students
JOIN GroupsStudents ON (Students.Id = StudentId)
JOIN StudGroups ON (StudGroups.Id = GroupId)
WHERE StudGroups.Course = 5
GROUP BY GroupID)

SELECT StudGroups.GroupName, AVG(Rate) FROM StudGroups
JOIN GroupsStudents ON GroupsStudents.GroupId = StudGroups.Id
JOIN Students ON Students.Id = GroupsStudents.StudentId
GROUP BY StudGroups.GroupName
HAVING AVG(Rate) > ((SELECT MIN(Rate) FROM tableTemp) + 0.0001);

/* 7. Вывести названия факультетов, суммарный фонд финансирования кафедр которых
 больше суммарного фонда финансирования кафедр факультета “Computer Science”. */
 
 SELECT Faculties.FacName FROM Departments
JOIN Faculties ON (Departments.FacultyId = Faculties.Id)
GROUP BY FacultyId
HAVING SUM(Financing) > (SELECT SUM(Financing) FROM Departments WHERE FacultyID =
                        (SELECT Id FROM Faculties WHERE FacName = "Экономики и Менеджмента"));

/* 8 Вывести названия дисциплин и полные имена преподавателей, читающих наибольшее количество лекций по ним. */
WITH maxLessons AS (
    WITH tableTemp AS (
        SELECT COUNT(TeacherId) AS Amount, TeacherId, SubjectId FROM Lectures
        GROUP BY SubjectId, TeacherId)
    SELECT Subjects.Id AS SubjID, SubjName, Amount, TeacherId FROM Subjects
    JOIN tableTemp ON Subjects.Id = tableTemp.SubjectId
    HAVING (tableTemp.Amount = (SELECT MAX(Amount) FROM tableTemp WHERE SubjectId = Subjects.Id))
)
SELECT SubjName AS "Предмет", TeachName AS "Имя", TeachSecondName AS "Фамилия" FROM maxLessons
JOIN Teachers ON (Teachers.Id = maxLessons.TeacherID);

/* 9 Вывести название дисциплины, по которому читается меньше всего лекций. */

SELECT SubjName FROM Subjects WHERE (Id =
    (WITH lectAmount AS (
        SELECT COUNT(SubjectId) AS Amount, SubjectId FROM Lectures
        GROUP BY SubjectId
    )
    SELECT SubjectId FROM lectAmount WHERE (Amount = (SELECT MIN(Amount) FROM lectAmount))
    )
);

/* 10 Вывести количество студентов и читаемых дисциплин на кафедре “Software Development”.*/ 
WITH depIds AS (SELECT Id FROM Departments WHERE DepName = "Микроэлектроника"),
Studs AS (
    SELECT COUNT(StudentId) AS "StudAmount" FROM GroupsStudents WHERE EXISTS (
        SELECT Id FROM StudGroups WHERE DepartmentId = (SELECT Id FROM depIds) AND id = GroupsStudents.GroupId)),     
Subjs AS (
    WITH TableTemp AS (
        WITH depGroups AS (
            SELECT StudGroups.Id AS GrId FROM StudGroups WHERE StudGroups.DepartmentId = (SELECT * FROM depIds))
        SELECT GroupId, LectureId, SubjectId FROM GroupsLectures
    JOIN Lectures ON Lectures.Id = GroupsLectures.LectureId
    HAVING EXISTS (SELECT * FROM depGroups WHERE GrId = GroupId))
SELECT COUNT(DISTINCT SubjectId) AS "SubjAmount" FROM TableTemp)
SELECT StudAmount, SubjAmount FROM Subjs, Studs;


        

